-- phpMyAdmin SQL Dump
-- version 4.9.7
-- https://www.phpmyadmin.net/
--
-- Host: localhost:3306
-- Generation Time: Sep 27, 2021 at 02:04 PM
-- Server version: 10.3.31-MariaDB-cll-lve
-- PHP Version: 7.3.30

SET SQL_MODE = "NO_AUTO_VALUE_ON_ZERO";
SET AUTOCOMMIT = 0;
START TRANSACTION;
SET time_zone = "+00:00";


/*!40101 SET @OLD_CHARACTER_SET_CLIENT=@@CHARACTER_SET_CLIENT */;
/*!40101 SET @OLD_CHARACTER_SET_RESULTS=@@CHARACTER_SET_RESULTS */;
/*!40101 SET @OLD_COLLATION_CONNECTION=@@COLLATION_CONNECTION */;
/*!40101 SET NAMES utf8mb4 */;

--
-- Database: `smknban4_tatib`
--

-- --------------------------------------------------------

--
-- Table structure for table `jenis`
--

CREATE TABLE `jenis` (
  `id_jenis` int(11) NOT NULL,
  `nama_jenis` varchar(200) NOT NULL
) ENGINE=InnoDB DEFAULT CHARSET=utf8mb4;

--
-- Dumping data for table `jenis`
--

INSERT INTO `jenis` (`id_jenis`, `nama_jenis`) VALUES
(1, 'Waktu'),
(2, 'Kelengkapan Kendaraan'),
(3, 'Kelengkapan Atribut'),
(4, 'Kerapian'),
(5, 'Prokes');

-- --------------------------------------------------------

--
-- Table structure for table `kelas`
--

CREATE TABLE `kelas` (
  `id_kelas` int(11) NOT NULL,
  `nm_kelas` varchar(11) NOT NULL
) ENGINE=InnoDB DEFAULT CHARSET=utf8mb4;

--
-- Dumping data for table `kelas`
--

INSERT INTO `kelas` (`id_kelas`, `nm_kelas`) VALUES
(101, 'X RPL 1'),
(102, 'X RPL 2'),
(103, 'X TKJ 1'),
(104, 'X TKJ 2'),
(105, 'X MM 1'),
(106, 'X MM 2'),
(107, 'X OTKP 1'),
(108, 'X OTKP 2'),
(109, 'X AK 1'),
(110, 'X AK 2'),
(111, 'X AK 3'),
(112, 'X BDPM 1'),
(113, 'X BDPM 2'),
(114, 'X PH 1'),
(115, 'X PH 2'),
(116, 'X PH 3'),
(117, 'X TB 1'),
(118, 'X DKV 1'),
(119, 'X DKV 2'),
(120, 'X ST 1'),
(201, 'XI RPL 1'),
(202, 'XI RPL 2'),
(203, 'XI TKJ 1'),
(204, 'XI TKJ 2'),
(205, 'XI MM 1'),
(206, 'XI MM 2'),
(207, 'XI OTKP 1'),
(208, 'XI OTKP 2'),
(209, 'XI AK 1'),
(210, 'XI AK 2'),
(211, 'XI AK 3'),
(212, 'XI BDPM 1'),
(213, 'XI BDPM 2'),
(214, 'XI PH 1'),
(215, 'XI PH 2'),
(216, 'XI PH 3'),
(217, 'XI TB 1'),
(218, 'XI DKV 1'),
(219, 'XI DKV 2'),
(220, 'XI ST 1'),
(301, 'XII RPL 1'),
(302, 'XII RPL 2'),
(303, 'XII TKJ 1'),
(304, 'XII TKJ 2'),
(305, 'XII MM 1'),
(306, 'XII MM 2'),
(307, 'XII OTKP 1'),
(308, 'XII OTKP 2'),
(309, 'XII AK 1'),
(310, 'XII AK 2'),
(311, 'XII AK 3'),
(312, 'XII BDPM 1'),
(313, 'XII BDPM 2'),
(314, 'XII PH 1'),
(315, 'XII PH 2'),
(316, 'XII PH 3'),
(317, 'XII DKV 1'),
(318, 'XII DKV 2'),
(319, 'XII ST 1'),
(320, 'XII ST 2');

-- --------------------------------------------------------

--
-- Table structure for table `pelanggaran`
--

CREATE TABLE `pelanggaran` (
  `id_pelanggaran` int(11) NOT NULL,
  `pelanggaran` text NOT NULL,
  `id_jenis` int(11) NOT NULL,
  `poin` int(11) NOT NULL,
  `pic` varchar(100) NOT NULL
) ENGINE=InnoDB DEFAULT CHARSET=utf8mb4;

--
-- Dumping data for table `pelanggaran`
--

INSERT INTO `pelanggaran` (`id_pelanggaran`, `pelanggaran`, `id_jenis`, `poin`, `pic`) VALUES
(1, 'Terlambat datang ke Sekolah', 1, 20, 'terlambat.png'),
(2, 'Spion tidak lengkap', 2, 20, 'spion.jpg'),
(3, 'Knalpot tidak sesuai standart pabrikan', 2, 20, 'knalpot.jpg'),
(4, 'Body tidak sesuai standart pabrikan', 2, 20, 'motor.jpg'),
(5, 'Berbonceng lebih dari 2 orang', 2, 20, 'bonceng3.jpg'),
(6, 'Tidak memakai Helm', 2, 20, 'helm.jpg'),
(7, 'Tidak memakai dasi / hasduk', 3, 20, 'dasi.jpg'),
(8, 'Sepatu tidak sesuai', 3, 20, 'sepatu.jpg'),
(9, 'Kaos kaki tidak sesuai', 3, 20, 'kaoskaki.jpg'),
(10, 'Baju dan celana tidak rapi', 4, 20, 'tidak rapi.jpg'),
(11, 'Rambut panjang (gondrong)', 4, 20, 'gondrong.jpg'),
(12, 'Kuku jari panjang', 4, 20, 'kuku.jpg'),
(13, 'Tidak patuh Protokol Kesehatan', 5, 25, 'prokes.jpg');

-- --------------------------------------------------------

--
-- Table structure for table `pelanggaran_siswa`
--

CREATE TABLE `pelanggaran_siswa` (
  `id_pel_siswa` int(11) NOT NULL,
  `tgl` int(11) NOT NULL,
  `id_siswa` int(11) NOT NULL,
  `id_pelanggaran` int(11) NOT NULL
) ENGINE=InnoDB DEFAULT CHARSET=utf8mb4;

-- --------------------------------------------------------

--
-- Table structure for table `siswa`
--

CREATE TABLE `siswa` (
  `id_siswa` int(11) NOT NULL,
  `nis` char(20) NOT NULL,
  `nama` varchar(200) NOT NULL,
  `id_kelas` int(11) NOT NULL
) ENGINE=InnoDB DEFAULT CHARSET=utf8mb4;

--
-- Dumping data for table `siswa`
--

INSERT INTO `siswa` (`id_siswa`, `nis`, `nama`, `id_kelas`) VALUES
(1, '0042916630', 'ACHMAT SAIFULLAH MAULANA', 309),
(2, '0045134518', 'ADINDA THULIFIA SALSABILLAH', 309),
(3, '0036838080', 'AGISTA DWI QONITA', 309),
(4, '0043901920', 'ALFINA SYAHARANI', 309),
(5, '0044238581', 'AMELIYA WAHYUNINGSIH', 309),
(6, '0036877319', 'AMILYA', 309),
(7, '0036298965', 'ANGGI VERONIKA', 309),
(8, '0032103512', 'ANISAH', 309),
(9, '0036336300', 'ANNISA LUTHFI ZAKIYA', 309),
(10, '0036691316', 'APRILIA DWI PUTRI', 309),
(11, '0049827125', 'ASTER HOLIPATUL AJIJAH', 309),
(12, '0042735668', 'ASTRY SHAFANY', 309),
(13, '0046490654', 'ASYIFA AVIZA ZHULVI', 309),
(14, '0035416031', 'AULIA RAHMADANY', 309),
(15, '0033104133', 'AURA SHAFA SALSABILA', 309),
(16, '0039641536', 'AURA VAURELIA VANESYA ZAHRA ZENVANI', 309),
(17, '0031023973', 'AVIVA SENDI ARDIYANI', 309),
(18, '0035316838', 'AYU JUNITA ANGGRAINI', 309),
(19, '0045018087', 'AZIZATUL MUNAWAROH', 309),
(20, '0036873917', 'BELA SAPIRA', 309),
(21, '0036298941', 'CATUR PRASASTI PUTRI RAHMAWATI', 309),
(22, '0036298958', 'CITRA MAULIDIA', 309),
(23, '0042916535', 'CITRA NING WULAN', 309),
(24, '0041939069', 'CLAUDIA AURORA NOVANTY', 309),
(25, '0037455955', 'DEASY DWI PRASETYOWATI', 309),
(26, '0039987170', 'DELLIN NELA AGUSTINA', 309),
(27, '0036312043', 'DITA RAHMASARI', 309),
(28, '0046047169', 'DWI NINDI ARIYANI', 309),
(29, '0034584381', 'DWI YULIANA', 309),
(30, '0035214227', 'EKA MEI PRATIWI', 309),
(31, '0042916642', 'ELIEL PUTRI TABITA', 309),
(32, '0048965737', 'ELOK SAPUTRI', 309),
(33, '0044923833', 'ERINDA DWI NAFISAH', 309),
(34, '0042596958', 'EVI ANGGITA RAHMA', 309),
(35, '0036730132', 'FADILATUL RIZQI MAULIDA', 309),
(36, '0043045584', 'FAHNIATI SOFI TARTILLA', 310),
(37, '0046076799', 'FARDANILA UST', 310),
(38, '0036597995', 'FATMA TYAS YUNITASARI', 310),
(39, '0049647429', 'FIKA ARIVIANA', 310),
(40, '0036257639', 'FIRLY NOVALIA DWI PUTRI', 310),
(41, '0034798944', 'FITRI HANDAYANI', 310),
(42, '0036838109', 'FORTUNA OKTAVIAN RAMADHANI', 310),
(43, '0037460813', 'HARI PURNOMO', 310),
(44, '0034798973', 'HENNY LISTYASTUTI', 310),
(45, '0048009660', 'I GEDE WIRA ATMAJA', 310),
(46, '0036773036', 'INTAN PERMATA MUSTIYADI', 310),
(47, '0039464585', 'IRA APRILIA', 310),
(48, '0036410552', 'KADEK AYU DEA PRATAMA', 310),
(49, '0042610201', 'KIRANA NDARU MARVINTHA', 310),
(50, '0045620084', 'LAILA MAULIDYA', 310),
(51, '0038738938', 'LAILATUL FITRIYA', 310),
(52, '0045677552', 'LISDA IRAWATI', 310),
(53, '0043091981', 'MARSHANDA CLESYIFA', 310),
(54, '0046398217', 'MAWARINDA NURITA SARI', 310),
(55, '0036158850', 'MOH. NUR AFANDI', 310),
(56, '0043572113', 'NABILA PUTRI SALSABIL', 310),
(57, '0042214201', 'NACHWA SALFIA BASWARA', 310),
(58, '0037590829', 'NADIA ARLI RAFIFAH', 310),
(59, '0048270660', 'NANDA SILVIA EKA DAMAYANTI', 310),
(60, '0040573831', 'NATIZATUL MUIFFAH', 310),
(61, '0036158848', 'NAUVAL CAHYO ABADI', 310),
(62, '0036773011', 'NISKE WAHYU NINGRUM', 310),
(63, '0032229911', 'NOVITA PUSPITA SARI', 310),
(64, '0034798943', 'OVIE VERNANDA RUMMAN FIRDAUS', 310),
(65, '0049268306', 'QORY FAJRIYAH', 310),
(66, '0034883276', 'RANI SEPTA RAHAYU', 310),
(67, '0044909352', 'REFINDA SEFTIANI', 310),
(68, '0042271836', 'RESIZA FEBI AULIA FIRDAUS', 310),
(69, '0043418479', 'REVANELA ANGGUN BERLIANTI', 310),
(70, '0041970517', 'RINA MAULIDIA', 310),
(71, '0039817781', 'RINDI PUSMA SARI', 310),
(72, '0038549368', 'RIRIN HASANAH', 311),
(73, '0084285755', 'RISKA BUNGA ROSMALIA PUTRI', 311),
(74, '0034934322', 'RISKA NUR ISTIKOMAH', 311),
(75, '0038552809', 'RISMA RAMADHANI', 311),
(76, '0049548272', 'RISTHA NANDA AUDISTIAS', 311),
(77, '0039302394', 'RIZKI CAMELIA TANTRI', 311),
(78, '0036472664', 'ROSI SEPTIYANI', 311),
(79, '0036874022', 'SAFIRATUL JANAH', 311),
(80, '0038930691', 'SAFRINA EKA NURHALIZAH', 311),
(81, '0045015642', 'SANDY FEBRIAN ARSYAPUTRA', 311),
(82, '0037516036', 'SASKIA JUNIATUS ZUHRO', 311),
(83, '0036597952', 'SEFTI UL-LAM DARI', 311),
(84, '0035314561', 'SEPTIA FIRDA MUSTIKA SARI', 311),
(85, '0037546266', 'SERLY DWI ANGGRAINI', 311),
(86, '0036478700', 'SHERIN DEVITA SARI', 311),
(87, '0037216022', 'SHINTYA FATMA TRI UTAMI', 311),
(88, '0052072056', 'SHOFIATUL JANNA', 311),
(89, '0037117002', 'SILVI KIRANI', 311),
(90, '0036838142', 'SILVIA DIFA OKTAVIYANI', 311),
(91, '0036312028', 'SILVIA MULYANI', 311),
(92, '0044938192', 'SINTIA LUSTIANA PUTRI', 311),
(93, '0043550295', 'SISKA AULIA PUTRI', 311),
(94, '0036237843', 'SOFI MARYAM', 311),
(95, '0042737971', 'SYAHRU RAMA YURIS SAHPUTRA', 311),
(96, '0039759296', 'TEGUH NUR HADI', 311),
(97, '0046705198', 'TIA FITRIA', 311),
(98, '0040573835', 'TIANT EKA SARI', 311),
(99, '0038476547', 'USWATUN HASANAH', 311),
(100, '0037316594', 'USWATUN HASANAH', 311),
(101, '0041553604', 'VANNY IRTANTI', 311),
(102, '0042090527', 'VEBRIANTI WULANDARI', 311),
(103, '0040551774', 'VIVI SILFIYANI ANISA PUTRI', 311),
(104, '0038203854', 'WILDANI RIZKY NOVITASARI', 311),
(105, '0042610184', 'YORA TITIS AURORA', 311),
(106, '0042591371', 'YOSY ALVITASARI', 311),
(107, '0042472947', 'YURIKE PUTRI FEBRIANTI', 311),
(108, '0036331424', 'ACHMAD JALIL FAJAR', 314),
(109, '0042596966', 'ADELIA DWI SAFITRI', 314),
(110, '0042893023', 'ADI SURYO UTOMO', 314),
(111, '0027002510', 'ADILA NURUN NASYWA AZ-ZAHRO', 314),
(112, '0042476595', 'AFILA FIRNANDA', 314),
(113, '0047877755', 'AGASTHEA VIORENT SASMITA', 314),
(114, '0036838875', 'AHMAD ILMAN NAFIA', 314),
(115, '0038446995', 'AKBAR NUR FAIZIN FIRDIYANSYAH', 314),
(116, '0032233129', 'ALDI GEGER PAMUNGKAS', 314),
(117, '0044332252', 'ALFA FATHUR RIZQI', 314),
(118, '0036158855', 'AMANDA SEPTIYATUZZAHRO', 314),
(119, '0036838036', 'ANISYAH SAHKCILAH', 314),
(120, '0035914913', 'ANUR SETIA NINGSIH', 314),
(121, '0038815630', 'ARDINA LUTVIANTI', 314),
(122, '0046798497', 'ARIN AYUNINGTYAS', 314),
(123, '0046012891', 'AYU BUNGA PRIHMIATI', 314),
(124, '0042152250', 'AYU LESST', 314),
(125, '0035838435', 'BAYU HANGGONO', 314),
(126, '0037964201', 'BERIL MUSTIKA FITRI', 314),
(127, '0041472698', 'BILLY SUBAKTI', 314),
(128, '0048546135', 'CINDI YULIA CITRA', 314),
(129, '0050397685', 'CINDY EMILIA SARI', 314),
(130, '0036556838', 'CITRA LAILI AGUSTINA', 314),
(131, '0039108175', 'DEBI ALIFATUL IFA', 314),
(132, '0036433249', 'DEVI AYU SAPITRI', 314),
(133, '0034591982', 'DEVI TRIA IDA PAWESTI', 314),
(134, '0043085652', 'DEVINA ZSA ZSA ZERLINDA', 314),
(135, '0036961072', 'DIAH AYU KHARISMA', 314),
(136, '0036410542', 'DIAN RINA AGUSTIN', 314),
(137, '0036890263', 'DINY YULIA RAHMAWATI', 314),
(138, '0036890259', 'DIO IQBAL ZAINULLOH', 314),
(139, '0037036031', 'DIYAH AYU PUSPITASARI', 314),
(140, '007124849', 'WILDAN THORIQ MUSTAQIM', 314),
(141, '0032621100', 'DWI AYU PRASTIKA', 315),
(142, '0043477919', 'EKA FARI SUYANTI', 315),
(143, '0042717977', 'ELYA SINDY DAMAYANTI', 315),
(144, '0044394908', 'ESTU PRAJA', 315),
(145, '0026477853', 'EVA NURSILA DEWI', 315),
(146, '0047050013', 'FEBRIZA TRI HARIYANITA', 315),
(147, '0043418473', 'FERDY WIJAYA KUSUMA', 315),
(148, '0032458053', 'FRANCISKA MAHARANI', 315),
(149, '0031583633', 'GELI DWI PRASTYANI', 315),
(150, '0036130565', 'IKA APRILIA PUTRI', 315),
(151, '0040957150', 'IMANINA RAHMAWATI', 315),
(152, '0049918017', 'INDRY CAHYANI', 315),
(153, '0036472662', 'INKA ARISANTI', 315),
(154, '0036536376', 'INTAN LAILATUL FAWAIDA SARI', 315),
(155, '0038797939', 'INTAN SEFPITRIYANI', 315),
(156, '0041755052', 'IRMAWATI', 315),
(157, '0026926312', 'JANU DWI SAPUTRA', 215),
(158, '0047054103', 'KEYSHA PINGKY ADELIA', 315),
(159, '0040374244', 'LAILATHUL LATIVIANY RACHMAWATI', 315),
(160, '0033046365', 'LAILIYA SAPITRI', 315),
(161, '0032352154', 'LELIN DWI CAHYANINGTIA', 315),
(162, '0035524748', 'MARISKA TESSA FADIA WARDHANI', 315),
(163, '0037610185', 'MARSILA SINTIA UTAMI', 315),
(164, '0036435690', 'MAULIDIA NIKMATUL AKHLAFI', 315),
(165, '0040374232', 'MEGA PUSPARANI NAWANGSASI', 315),
(166, '0035214231', 'MEISYA WANDA ARYANTI', 315),
(167, '0036211363', 'MOCH. FATHUR RIZAL PRATAMA', 315),
(168, '0036435794', 'MUTIARA SETIYAWAN', 315),
(169, '0032746496', 'NABILLAH AULIA ASDAR', 315),
(170, '0039994606', 'NADILA AYU PUSPITASARI', 315),
(171, '0036451429', 'NADINDA PUTRI AYU WULANDARI', 315),
(172, '0042916948', 'NADYA HARDIYANTI', 315),
(173, '0032408809', 'NANDIRA ABELLIA FAZZAH', 315),
(174, '0049218655', 'NILUH PUTU DAVINA JOVANCA', 315),
(175, '0040911980', 'NOUFAL RAYYAN AFINANTO', 316),
(176, '0031543442', 'NUR AISYAH HAQUE', 316),
(177, '0042120046', 'NURIKA VERNANDA APRIANI', 316),
(178, '0030024235', 'NURIL HIDAYAH', 316),
(179, '0023265270', 'NURIL ISTIQOMAH', 316),
(180, '0037110379', 'NURLENI AGUSTINA', 316),
(181, '0033034476', 'OQI SINTIA WIHARJA', 316),
(182, '0038403952', 'PUTRI WULANDARI', 316),
(183, '0036435712', 'RAHAJENG YULINAR EMERALDA', 316),
(184, '0032607360', 'RAKA ADITYA RAHMADANI', 316),
(185, '0043589712', 'RANI SETIYAWATI', 316),
(186, '0042737973', 'REGI ELMA VIANI', 316),
(187, '0039153288', 'REGITHA FEBY MAHARANI', 316),
(188, '0042619454', 'REVINDA RIZKI MARETHA', 316),
(189, '0041238031', 'REZZA SAFIRA', 316),
(190, '0036654997', 'RIFKI INDRIAWAN', 316),
(191, '0047591103', 'RINA WAHIDA', 316),
(192, '0033247336', 'RIZKA APRILIYANTI', 316),
(193, '0044200983', 'ROBERTA MAURA APRILIA', 316),
(194, '0036838024', 'ROIHANNY BINAR MAULIDDA', 316),
(195, '0034798949', 'RYAN DWI MAYDIANTO', 316),
(196, '0033145978', 'SAGHINA RANAVIA AZZAHRA', 316),
(197, '0041932665', 'SELLA ARININGTYAS', 316),
(198, '0037010654', 'SETIYANINGSIH', 316),
(199, '0039286717', 'SHABIA KITANTRI', 316),
(200, '0037368221', 'SIGIT PURNOMO', 316),
(201, '0035628884', 'SILA NABILLA', 316),
(202, '0039321720', 'SITI LAILATUL RULIA', 316),
(203, '0042258895', 'SITI RATNA SARI', 316),
(204, '0036930444', 'SUGIHANARTIN', 316),
(205, '0037516035', 'TEGUH RISTANTO', 316),
(206, '0043031382', 'TRIO ANDY BIMANTARA', 316),
(207, '0044379822', 'UMROTUL HASANAH', 316),
(208, '0044303645', 'VINA DWI ARISKI', 316),
(209, '0035310917', 'WARIH DHINA HARMARITA', 316),
(210, '0035777473', 'ZACKY ILHAMI', 316),
(211, '0042581686', 'ALIFIYA MAUDY DIAH NABILA', 312),
(212, '0025918282', 'AMANIYAH', 312),
(213, '0047603886', 'ANANDA AIDILIA FITRIYANI', 312),
(214, '0041394248', 'APRILINA RUSNASARI', 312),
(215, '0038765435', 'ARI PUJI LESST', 312),
(216, '0043038086', 'ASYADANTI TRI ALZUMA', 312),
(217, '0043031377', 'CALISTA NURISTIANINGSIH', 312),
(218, '0043352266', 'CHOFIFA NUR ISLAMIYANTI', 312),
(219, '0036298990', 'DEVI TRIA ANGGRAINI', 312),
(220, '0033846320', 'DEWI ANNISA FITRI', 312),
(221, '0039923099', 'DEWI SANTITA', 312),
(222, '0040999200', 'DINDA AYU TRISNAWATI', 312),
(223, '0033720087', 'DITA INDAH SARI', 312),
(224, '0025918202', 'DITA NIRMALITA', 312),
(225, '0042652214', 'DWI PUSPITA', 312),
(226, '0020244222', 'ELLA OKTAVIA', 312),
(227, '0039532980', 'EVA SUCIANA', 312),
(228, '0043103033', 'EVANA EKA PEBRIYANTI', 312),
(229, '0037986680', 'FENI DWI HANDAYANI', 312),
(230, '0047082773', 'FIDIA NUR AZIZAH', 312),
(231, '0037638785', 'FITRI HIDAYAH', 312),
(232, '0042314962', 'HANA DUWI LESST', 312),
(233, '0042317870', 'INTAN SAVITRI', 312),
(234, '0036211661', 'KARISMA OCTAVIANI', 312),
(235, '0042316559', 'LIDYA WULANDARI', 312),
(236, '0038867195', 'LILIS SURYANI', 312),
(237, '0043296871', 'MARINA SELVIANA', 312),
(238, '0043296870', 'MARINI SAVITRI', 312),
(239, '0050372479', 'MARIYA ULFA', 312),
(240, '0036454571', 'MAYA ANGELICA LAZUARDI HALIM', 312),
(241, '0033806971', 'MELIA AVICA PUTRI', 312),
(242, '0035534495', 'MOHAMAD YASIN', 312),
(243, '0036191817', 'NAFISATUL AIDA', 312),
(244, '0045015639', 'NAJWA HAFIDZATUZZAHRA AUREA PUTRI', 312),
(245, '0034798993', 'NOFFANI PRADINDA IVONNE', 312),
(246, '0016958233', 'SHERLY THRII AGUSTIARINI', 312),
(247, '0025918221', 'NOVI ZULIA QIRANI', 313),
(248, '0037289007', 'NUR HAZIZAH', 313),
(249, '0032281039', 'NUR WULAN AYU LESST', 313),
(250, '0042437552', 'NURI SAVIRA', 313),
(251, '0037492715', 'REGI DWI PANGESTU', 313),
(252, '0041160682', 'RINA PEBRIANTI', 313),
(253, '0036331431', 'RINA SUHERMIANA', 313),
(254, '0044112535', 'RISQITA FITRI WIDHIANST', 313),
(255, '0038117420', 'ROHANI RUS SAUDIA', 313),
(256, '0042476601', 'ROSSA VINA NILAWATI', 313),
(257, '0048564428', 'SAFITRI', 313),
(258, '0046105728', 'SALSABILA LARASATI', 313),
(259, '0046339450', 'SARI NINGSIH', 313),
(260, '0036476135', 'SERINA NOVITA SARI', 313),
(261, '0042374573', 'SHEILA ANANDA PUTRI', 313),
(262, '0035315873', 'SHELA NUR HAINI', 313),
(263, '0044149583', 'SHINDY NUR ANISAH', 313),
(264, '0045783448', 'SHIVA RISKY AMALIA', 313),
(265, '0036684757', 'SHOFIA LAROIBA', 313),
(266, '0044422764', 'SINDI MIRANDA MAULINA', 313),
(267, '0046642020', 'SINDY KIRANA YULANDA', 313),
(268, '0042258898', 'SINTA NURUL IMAMA', 313),
(269, '0039321782', 'SINTIYA PUTRI WINATA', 313),
(270, '0043785578', 'SITI ANISA WAHYUNI', 313),
(271, '0036472666', 'SITI NUR AFIYAH', 313),
(272, '0047108587', 'SITI NURLAILI', 313),
(273, '0036331438', 'SITI NURMA FITRIANI', 313),
(274, '0034066141', 'SOFIA NISRINA BALQIS', 313),
(275, '0028937491', 'SULPIYAH MAHARANI', 313),
(276, '0035885526', 'TIARA PERMATA SARI', 313),
(277, '0036447492', 'UTROTUL QORIAH', 313),
(278, '0036164809', 'VARISKA ANDINI WINARSIH', 313),
(279, '0042316115', 'VIA ALDILLA YUNIAR RAHMI', 313),
(280, '0049238692', 'WAHYU HIDAYAH', 313),
(281, '0036691331', 'WIWIN HANDAYANI', 313),
(282, '0036874983', 'YULIANA', 313),
(283, '0038943849', 'ACHMAD SUFADLI', 317),
(284, '0036214092', 'ADILA', 317),
(285, '0033033872', 'AKHDAN RAFIF MAULANA', 317),
(286, '0036772994', 'ALFIA SETYANINGRUM', 317),
(287, '0055540658', 'ALPY SEPDIAN PRASASTI', 317),
(288, '0042652832', 'ANA NOFITASARI', 317),
(289, '0036194325', 'ANISA WULANDARI', 317),
(290, '0036435801', 'ARGYA BYANTARA', 317),
(291, '0011242812', 'BAGUS SAPITRI', 317),
(292, '0034798964', 'BINTANG WICAKSONO', 317),
(293, '0034934340', 'CANTIKA RATU NATASYA IKTIARA', 317),
(294, '0036659558', 'CARISSA CAMILA CALANY CALYA SUMANTRI', 317),
(295, '0046182726', 'CHELSEA IMAMOVA HIDAYAT', 317),
(296, '0042437554', 'CINTA KHARISMA SARI', 317),
(297, '0043116354', 'CITRA MARIESKA DINI MUSTIKA NURCAHYANI', 317),
(298, '0036873980', 'DESI LAILATUL OKTAVIA', 317),
(299, '0029351374', 'DEWI FATIMAH', 317),
(300, '0032244675', 'DIMAS DYAH SUCI LESST', 317),
(301, '0038172296', 'DITA PRASTIKA', 317),
(302, '0036551044', 'DURROTUN NABILA', 317),
(303, '0045568295', 'DWI SETYA NINGRUM', 317),
(304, '0035113660', 'EKA DEWI SYAFITRI', 317),
(305, '0036915743', 'EKA FERDIYANTI', 317),
(306, '0048119441', 'ELLA SAGITA', 317),
(307, '0036435707', 'EYRICHA DINDA PUTRI ANNISA HAKIM', 317),
(308, '0048792409', 'FADHILA NURHALIZA', 317),
(309, '0041891496', 'FENNY HARDHIANTI', 317),
(310, '0029695964', 'FINDY AMYLIA', 317),
(311, '0037516042', 'FITRIYANI NOVITA SARI', 317),
(312, '0036838074', 'HILWA', 317),
(313, '0038192235', 'IKE JIAN ARIS MADONA', 317),
(314, '0043854243', 'IKROMATUL ULYA', 317),
(315, '0040374231', 'JOAN SHERLY DINIRA', 317),
(316, '0031682075', 'KURNIA BINTANG RAHMAWATI', 317),
(317, '0048290804', 'MEGA MUSTIKA', 317),
(318, '0024764760', 'MUHAMMAD FARHAN AL HABSYI', 317),
(319, '0042317864', 'MEI AYU SUKMA KALYANA TANTRI', 318),
(320, '0037044836', 'MIFTA WIDIYASTUTI', 318),
(321, '0035389170', 'MOCH. AGAM ARDIANSYA', 318),
(322, '0046605366', 'MOHAMMAD CHELSEA DERMAWAN PUTRA', 318),
(323, '0039926676', 'MOHAMMAD HIDAYATULLOH', 318),
(324, '0044646227', 'MUHAMMAD ZAINNUR HADIARTA', 318),
(325, '0034185951', 'NADILLA NUR FAIZAH', 318),
(326, '0037036030', 'NICKYTA VEGA INDRYANI', 318),
(327, '0039204246', 'NOVIA WULANDARI', 318),
(328, '0036556844', 'NOVITA INDAH PUSPITASARI', 318),
(329, '0037010650', 'NURUL AINNY', 318),
(330, '0037010656', 'PUTRI AYU LESST', 318),
(331, '0044481821', 'PUTRI IDA SINDIKA', 318),
(332, '0033524478', 'PUTRI SURYA WILLYANA', 318),
(333, '0042271532', 'RESTI AJENG SHOLIHA', 318),
(334, '0038350235', 'RIA RIVIANA PUTRI', 318),
(335, '0037420215', 'RINO SAPUTRA', 318),
(336, '0044396798', 'RISKA RESTU MULYA', 218),
(337, '0035899641', 'RISKANALIA', 318),
(338, '0036539644', 'RIYAN FITRA RAHMAN', 318),
(339, '0032458043', 'SAHRUL ANDI ROSANDI', 318),
(340, '0044097422', 'SHAFIRA QURROTA AYUN', 318),
(341, '0034798995', 'SHINDA DWI FITRIYANTO', 318),
(342, '0042338694', 'SILVI INAYATRI DEWI', 318),
(343, '0036838082', 'SISILIA FAHLEVI', 318),
(344, '0038311932', 'SUCAHYO DWI ISMUWIYOTO', 318),
(345, '0035310313', 'SULASTIYA NINGSIH', 318),
(346, '0043116363', 'TITAN EZRANO FAUSTA ADJIE', 318),
(347, '0036874963', 'TRI UTAMI', 318),
(348, '0031922750', 'VIRA ALMIRA NOVIA RAMADINA', 318),
(349, '0041698575', 'YANUAR DWI ARDIYANTO', 318),
(350, '0038742458', 'YHOAN ADI RIYANTO', 318),
(351, '0042619462', 'YUAN APTA RENA', 318),
(352, '0033440764', 'YULI ASTUTIK', 218),
(353, '0034798957', 'YUNIZAR GISTI FIRDAUS', 318),
(354, '0049867591', 'YUSRINA SAHARANI', 318),
(355, '0037036032', 'ADAM BAHREYSI', 305),
(356, '0032565318', 'AFITA DWI LESST', 305),
(357, '0036539640', 'AGIN MAULANA', 305),
(358, '0036237811', 'AHMAD DAWWAS RAIS', 305),
(359, '0047508549', 'AISYAH ZHAFIRAH AS SALAM', 305),
(360, '0035696638', 'ALDI TRI PRASETIYO', 305),
(361, '0034798487', 'ALMA NOVIA MAHARANI', 305),
(362, '0034798483', 'ALYA RAHMADANI', 305),
(363, '0032522787', 'AMALIYA PRASTIA IKA WARDANI', 305),
(364, '0069606751', 'ANDRE SURYA DHARMA', 305),
(365, '0038796499', 'ANGGITA MEGA ARISTIANTI', 305),
(366, '0036336322', 'ANISAH PUTRI', 305),
(367, '0036435688', 'APRILIA RIHANING TYAS', 305),
(368, '0039349355', 'ARDIAN PRATAMA SETIAWAN', 305),
(369, '0034798996', 'ARUPADHATU PRIMA CAKTI RIJANTO', 305),
(370, '0047278667', 'ARYA WIJAYA PRANATA DEWA', 305),
(371, '0043448144', 'ATIYATUS ZULFI SALSABILA', 305),
(372, '0049116252', 'AUDREY NURAINI RISANG ANUGRAH ARIYANI', 305),
(373, '0050391763', 'AYU LOLITA', 305),
(374, '0037010669', 'AYU OKTAVIA', 305),
(375, '0049560952', 'AZEL YAN SYANDANA', 305),
(376, '0036780143', 'BAYU SETIAWAN', 305),
(377, '0042755497', 'BRILYAN RAHMA LESST', 305),
(378, '0036877362', 'BUNGA AYU MARSALINDA', 305),
(379, '0034943424', 'CALVIN ALFARIZKI MULYANTO', 305),
(380, '0032086614', 'DANI RAHMAT', 305),
(381, '0045015646', 'DANIA YASMIN BAZLIAH', 305),
(382, '0035512937', 'DESI AYU TRISNOWATI', 305),
(383, '0036131613', 'DEVI RAHAYU', 305),
(384, '0042673870', 'DIKA BIAS DAMARA', 305),
(385, '0036237831', 'DIVA ASOLAH', 305),
(386, '0059009868', 'EXLIMA RAMADANI', 305),
(387, '0036312027', 'FEBRIANA KUSUMAWATI', 305),
(388, '0047983057', 'FEBY CHAHYA KAMILA', 305),
(389, '0046059613', 'FIRMAN', 305),
(390, '0037334897', 'FYMAS BAGUS HASBIANSYAH', 305),
(391, '0036838015', 'HANG BIMA SUCI', 306),
(392, '0043296874', 'HANY PRILIANTI', 306),
(393, '0039812450', 'INTAN PERMATASARI', 306),
(394, '0037426834', 'LILIS SETIYAWATI', 306),
(395, '0039416645', 'MAHKOTA PERMATA RATRI', 306),
(396, '0037427238', 'MEGA MUSTIKA', 306),
(397, '0048438150', 'MIYA DANAYANTI', 306),
(398, '0049206548', 'MOCH. IQBAL WAHYU AULIYA', 306),
(399, '0034827416', 'MOCHAMAD FAIZ DANILA', 306),
(400, '0049625884', 'MOH BALIES ARDANA', 306),
(401, '0032182752', 'MOH.HAFIZ MAULANA DITO', 306),
(402, '0044476453', 'MUHAMAD GILANG WICAKSONO', 306),
(403, '0050374528', 'NADIA FEBRIANTI', 306),
(404, '0036211362', 'NAFLAH MAULANA AZURA', 306),
(405, '0046167203', 'NANDHINI SRI LESST', 306),
(406, '0042478595', 'NAZHIFAH SALSABILA MAULANI', 306),
(407, '0040374264', 'NUR HIDAYATI', 306),
(408, '0042590791', 'RAMA DIPUTRA', 306),
(409, '0043854248', 'REZA DWI RAHAYU', 306),
(410, '0040478334', 'RIZA DWI FRANSISKA', 306),
(411, '0033186602', 'RIZKY MAULANA', 306),
(412, '0043352270', 'ROMI FARHAN', 306),
(413, '0040374236', 'SHELLY ARI WIJAYANTI', 306),
(414, '0033801263', 'SITI NUR KARIMAH', 306),
(415, '0044188316', 'SITI NURHALIZA', 306),
(416, '0034892721', 'SITI NURHOLISA', 306),
(417, '0040974356', 'STENNY MOORE WIJAYA WARDHANA', 306),
(418, '0037316593', 'TRIYA RACHAMTIKA', 306),
(419, '0036838081', 'VADA ULFA SUNDARI', 306),
(420, '0031685584', 'VINDA RUCITA CORNELIA', 306),
(421, '0034798998', 'VINNEZA SURYA AGRI BERLIAN', 306),
(422, '0042596954', 'WAHYU INDRAWATI', 306),
(423, '0045045556', 'YESSY RIZKI APRILIANTI', 306),
(424, '0050417184', 'YULIYANTI', 306),
(425, '0047209072', 'ADIT PRASETYA', 307),
(426, '0040551772', 'AHMAD ZAINUL ARIFIN', 307),
(427, '0046835142', 'ALFINA DAMAYANTI', 307),
(428, '0039184000', 'ARIN AMALINA', 307),
(429, '0034798970', 'ATIKAH WINDI AFIFAH', 307),
(430, '0042317861', 'BELLA FEBRIYANA', 307),
(431, '0047013104', 'CHINDY MONICA SISIHEANING VONI', 307),
(432, '0035584991', 'DHOMIRO', 307),
(433, '0036096736', 'DIAN PATMAWATI', 307),
(434, '0034812819', 'DIAN RETNO PANGESTU', 307),
(435, '0041932685', 'DILA RESTITA', 307),
(436, '0037004445', 'DINA ANANTA SYAFALIA', 307),
(437, '0036541608', 'DWI PUTRI RAMADANI', 307),
(438, '0036178608', 'EKA CAHYA RAMADHANI', 307),
(439, '0032118619', 'EKA HERNANDA SAPUTRI', 307),
(440, '0043296863', 'FENI ELDIANA', 307),
(441, '0042773559', 'FIONNA YARLI', 307),
(442, '0043352269', 'FIRA LESST', 307),
(443, '0046157451', 'FREECIA JENI KRISTIANA', 307),
(444, '0036178603', 'HANI NURIYANA', 307),
(445, '0036331430', 'HELMI YUNITASARI', 307),
(446, '0042674986', 'ICHA ZENI YEAR TRI DAMAYANTI', 307),
(447, '0037010653', 'INEKE PUTRI DEWI LESST', 307),
(448, '0042652215', 'ISTIHAROH', 307),
(449, '0050372470', 'KARINA NUR HANDAYANI', 307),
(450, '0042755496', 'KINANTI SELA DEWI', 307),
(451, '0042710334', 'LAILA FAUZIAH YASMIN', 307),
(452, '0035618412', 'LAILIMAH', 307),
(453, '0035953414', 'LINDA LUSIANI', 307),
(454, '0043434079', 'MAGFIROTUL BANIYAH', 307),
(455, '0037010655', 'MIYA SETIYARNI', 307),
(456, '0038653861', 'NANDA MISYA ASHARI', 307),
(457, '0036417983', 'NANDINA SALSABILLA', 307),
(458, '0043146578', 'NARIYA MAULINDA', 307),
(459, '0042755502', 'NENSA AYU RAMADHANI', 307),
(460, '0036556845', 'NENSI AYU RAMADHANI', 307),
(461, '0046032609', 'NUR AINI', 308),
(462, '0042591223', 'NUR IKLIL ALFI SYAHRIA', 308),
(463, '0038510575', 'NUR INDAH', 308),
(464, '0026566467', 'NURMA YUNITA', 308),
(465, '0037921846', 'NURUL AINI', 308),
(466, '0047740539', 'NURUL HIKMAH PUTRI MARISA H. GORANG', 308),
(467, '0039890620', 'PUJI AYU LESST', 308),
(468, '0048131525', 'PUSPITA MANDA TALU', 308),
(469, '0031741930', 'PUTRI NOFIA AGUSTIN', 308),
(470, '0037388044', 'RATIH INDAH PURWANINGSIH', 308),
(471, '0032362613', 'REZA PUSPITA', 308),
(472, '0042755195', 'REZA UMAMI FERISKA', 308),
(473, '0039003712', 'RISKA RISMATUL MUNIROH', 308),
(474, '0033508842', 'RIVA SETYO WATI', 308),
(475, '0035911367', 'RIZKIYANI', 308),
(476, '0046108718', 'RULY JAYANTI', 308),
(477, '0028514849', 'RUTH GABRISIA WINARTO', 308),
(478, '0028668062', 'SALMA ABUBAKAR SALIM MACHFUD', 308),
(479, '0036551029', 'SASMITA', 308),
(480, '0042518406', 'SEPTI ARDIYANTI WULANDARI', 308),
(481, '0043131717', 'SESEN ANGGELIYA', 308),
(482, '0044396790', 'SHINTYA EKA NURCAHYANI', 308),
(483, '0038661654', 'SILVIA APRILLINA ANTIKASARI', 308),
(484, '0032444249', 'SINTIA BETI AGUSTINA', 308),
(485, '0035415674', 'SITI HAWA RATIH KUSHARTANTI', 308),
(486, '0042700419', 'SITI HUSNATUL MAROYA', 308),
(487, '0028490355', 'SITI KARMIYATI', 308),
(488, '0042181898', 'SITI NURJANAH', 308),
(489, '0035632954', 'SIWI DIAN PRATIWI', 308),
(490, '0044821319', 'TRI NAVELLA NATASYA', 308),
(491, '0036158849', 'UBAIDAH NABILAH', 308),
(492, '0032458090', 'WULANDARI', 308),
(493, '0030775503', 'WULANDARI OKTAVIA', 308),
(494, '0037285674', 'YUNDA INTANA', 308),
(495, '0049627920', 'YUNI ANGGRAININGRUM', 308),
(496, '0034892712', 'ZETA ZAIMATUS AGUSTINA', 308),
(497, '0047715877', 'ACH. JAINI', 301),
(498, '0029219286', 'ADAM NURSAMSI', 301),
(499, '0036352380', 'ADEL LIYA SAPUTRI', 301),
(500, '0036119837', 'AHMAD RIFQI KADAFI', 301),
(501, '0034798885', 'AJI PRANATA', 301),
(502, '0041933702', 'AKMALUN NISA', 301),
(503, '0036076557', 'AMELIA TRI OKTAVIANI', 301),
(504, '0036352365', 'ARDILA SARI', 301),
(505, '0023347880', 'AVISTA DESTRINA', 301),
(506, '0049737766', 'AZAH SULISTYOWATI', 301),
(507, '0035299976', 'DESI INDRI CAHYANI', 301),
(508, '0038075657', 'DEVVANOV EL PINTO', 301),
(509, '0042190824', 'DICKA ARDIANSYAH', 301),
(510, '0042190843', 'DICKY ARDIANSYAH', 301),
(511, '0036050998', 'EDWIN RIYAN SAPUTRA', 301),
(512, '0035737035', 'EKA UTAMI', 301),
(513, '0036336317', 'ELSA NABILA ZUHRO', 301),
(514, '0039042187', 'ESSA DWI PRAYOGA', 301),
(515, '0035069729', 'FARIDA PUSPITASARI', 301),
(516, '0042756072', 'FEBIOLA TRI WANDASARI', 301),
(517, '0038603212', 'FRISKA APRILIANA HIDAYATI', 301),
(518, '0045381343', 'HAECKAL FIKRI', 301),
(519, '0036708340', 'LAELA FITRIYAH', 301),
(520, '0035759911', 'LALA AMELIA FRANSISCA', 301),
(521, '0043031392', 'LAYINATUL UMMAH', 301),
(522, '0031441055', 'LILIK WIGIARTI', 301),
(523, '0036838061', 'LITA DWI SARI', 301),
(524, '0033033849', 'LUSI ROSA NOVELYA', 301),
(525, '0036202429', 'MADE WISNU SETYAWAN', 301),
(526, '0037010667', 'MELVIN FEMBRIANTI', 301),
(527, '0035006976', 'MERRY WINDY ADISTYA RINI', 301),
(528, '0049892058', 'MOH BAGUS JATI KUSUMA', 301),
(529, '0035576897', 'MOH. WAHYU DIMASQI', 301),
(530, '0034934325', 'MOHAMAD FAISHAL', 302),
(531, '0026902149', 'MOHAMMAD OJI SAPUTRA', 302),
(532, '0047065898', 'MUHAMMAD FARHAN ARROHIM', 302),
(533, '0036336288', 'NABILLA VIA VALENTINA', 302),
(534, '0041776238', 'NANDA TRIO AGUSTINO', 302),
(535, '0039730230', 'NIMATUL MAULIDAH', 302),
(536, '0042755269', 'NOVITA SARI', 302),
(537, '0038798004', 'NUR VINA ELSAYANI', 302),
(538, '0039340883', 'NURUL FITRI', 302),
(539, '0036539643', 'NUVIATUL AULIA', 302),
(540, '0036730858', 'PITRIA WULANDARI', 302),
(541, '0037285697', 'PUTRI DIVA MARIA DEWI', 302),
(542, '0041933301', 'RAHMA ASYIFA', 302),
(543, '0047472430', 'RANI PATRICIA DEWI', 302),
(544, '0042572460', 'RASTHIAN RESTU FENDE DWIKI DARMAWAN', 302),
(545, '0037482810', 'RIO RAHMAT VAISOL', 302),
(546, '0034892720', 'RITA OKTAFIYANI', 302),
(547, '0038226401', 'RIZKI ARDIANSYAH', 302),
(548, '0032668550', 'SABILA NOOR FELISA', 302),
(549, '0032725438', 'SALNA TABA AULIYA SENJA', 302),
(550, '0041857111', 'SEKAR AYU FATMASARI', 302),
(551, '0040794210', 'SHEILA FRISCA DWI SEPTIANI', 302),
(552, '0035396161', 'SILVIA MAHARANI', 302),
(553, '0041596852', 'SITI KHOTIJAH', 302),
(554, '0020065370', 'SITI NURJANAH', 302),
(555, '0043031387', 'SOFIA MILLATI', 302),
(556, '0043156814', 'SUCI INDAHYANI', 302),
(557, '0041933700', 'TAFANA MEISYA AFRO DITHA', 302),
(558, '0032458050', 'TRI DAMIYANTI LAILA EFENDI', 302),
(559, '0036255912', 'WENI FRIDA YANTHI', 302),
(560, '0036838115', 'WILDANIAR KAHLIL GIBRAN', 302),
(561, '0036392032', 'WIRA SETA WIJAYA', 302),
(562, '0038732875', 'WIWIK HARIYATI', 302),
(563, '0042773136', 'YESI ARISAS MITA', 302),
(564, '0036435795', 'ZULFA RAMADANI', 302),
(565, '0035782250', 'ABZARIN FIRDAUS AGVA', 319),
(566, '0046022218', 'ACHMAD IRFAN MAULANA', 319),
(567, '0021781568', 'ALFINA DAMAYANTI', 319),
(568, '004424555', 'ANGGI LESMANA', 319),
(569, '0041858780', 'ANITA RATNASARI', 319),
(570, '0036298947', 'CITRA AULIA UTAMI', 319),
(571, '0038878044', 'DANDA KUSWOYO', 319),
(572, '0036211655', 'DANU PRATAMA', 319),
(573, '0043352267', 'DHEA ANANTA SALSAHADI PRATIWI', 319),
(574, '0049014609', 'DWI LESST', 319),
(575, '0012481920', 'EKA WULANDARI', 319),
(576, '0036795417', 'ELVA NUR ILMIAH', 319),
(577, '0031222607', 'ENJELY GITALISASI SYAH PUTRI', 319),
(578, '0038796736', 'ERIKA OKTAVIANI', 319),
(579, '0036877609', 'EVA ZAHRO APRILIA', 319),
(580, '0035700459', 'GESTI SILFANY', 319),
(581, '0023358823', 'HAIKAL PUTRA ARDIAN', 319),
(582, '0036890262', 'HANDAYANA EKA FEBRIANI', 319),
(583, '0018934456', 'HANNY SELFIANI', 319),
(584, '0036640594', 'HOLIMAH', 319),
(585, '0036773002', 'INDAH NOFITA DEWI', 319),
(586, '0043477920', 'IRA IKA PUSPITASARI', 319),
(587, '0036772986', 'IZZUL HAK AN NASIR', 319),
(588, '0030121064', 'JESSICA GUSTIVIANA ROMBON', 320),
(589, '0046070771', 'KHARISMA MELLI NOPIYANA', 320),
(590, '0039582478', 'KHUSNUL KHOTIMAH', 320),
(591, '0036874144', 'LAILATUL FITRIA', 320),
(592, '0034000126', 'LIA KAROMAH', 320),
(593, '0049997839', 'MAULIDA', 320),
(594, '0032221661', 'MAULIDAH WAHYU NINGRUM', 320),
(595, '0035313199', 'MEI KURNIA DEWI', 320),
(596, '0041316555', 'MIMIN ANGGUN KINANTI', 320),
(597, '0036336312', 'MUHAMAD BENI IQQROBI', 320),
(598, '0033947477', 'NOVIA', 320),
(599, '0035185398', 'NOVIA TRIWAHYUNI', 320),
(600, '0037996016', 'NOVITA SARI', 320),
(601, '0038383023', 'NUR CAHYANA', 320),
(602, '0038336054', 'PIPIN ALAYDA', 320),
(603, '0039179145', 'PUTRI AMALIA', 320),
(604, '0035989358', 'PUTRI MANDASARI', 320),
(605, '0042258493', 'RANGGA ARDIANSYAH', 320),
(606, '0035420437', 'RENNY AKHTERYANTI PRIMANDARI', 320),
(607, '0036410547', 'RESTINA DWI UTAMI', 320),
(608, '0043873523', 'RIA RIZQI ZAVIRA', 320),
(609, '0046798659', 'ROSSY AYUDYANINGTYAS', 320),
(610, '0032118622', 'SHINTA PUSPITA SARI', 320),
(611, '0036574306', 'SUCI AYU LESST', 320),
(612, '0040374250', 'WANDA FINOLIA', 320),
(613, '0037316595', 'YASHINTA NURAINI', 320),
(614, '0042437557', 'YASINTA FEBIYANI', 320),
(615, '0039578818', 'ADELIA AGUSTIN', 303),
(616, '0040374259', 'ADELIA ZAKIYA PUTRI', 303),
(617, '0026478234', 'AHMAD RIDHO SYAHRU KAFILI', 303),
(618, '0039410292', 'AJI VINANDU', 303),
(619, '0036336310', 'AMALIA SALWA SYABANIA PUTRI', 303),
(620, '0043210546', 'ANISA SHELA MARTA', 303),
(621, '0042290848', 'ANNISA NURDIANA SAFITRI', 303),
(622, '0040374230', 'ARDIANSHAH ANANDA JANUAL DIMAS', 303),
(623, '0025658340', 'AYU WAHYUNI', 303),
(624, '0028230520', 'BAGUS SATRIO', 303),
(625, '0035736711', 'CINDY WAHYU MUJIANTI', 303),
(626, '0042518815', 'DEWI HERLINA', 303),
(627, '0033181057', 'DHYANITA OCTAVIANI', 303),
(628, '0041281011', 'DINA MEILINA', 303),
(629, '0050438006', 'DINNY SALSABILLAH MALAKIANO', 303),
(630, '0035763010', 'DWI AGUSTINA', 303),
(631, '0036690946', 'DWI IRAWATI', 303),
(632, '0035050828', 'EKA PUTRI FEBRIYANTI', 303),
(633, '0042316569', 'ENGGAR SILALAHI', 303),
(634, '0042973543', 'ERICA WARDHA DWI HARJUNADY', 303),
(635, '0036331435', 'EVIKA DWI ANGGRAINI', 303),
(636, '0043281653', 'FADHEL PUTRA HERTUS ZULTAQWA', 303),
(637, '0031286337', 'FAHMI SURYA SAMUDRA', 303),
(638, '0042437559', 'FEBY WULANDARI', 303),
(639, '0036410548', 'FIRDA LUSIYANTI', 303),
(640, '0039474861', 'GANI SAPTA PURNAMA', 303),
(641, '0048493293', 'I KADEK DWI FERNANDA', 303),
(642, '0046300398', 'JODI SETIAWAN', 303),
(643, '0032807241', 'JORGI BAGAS ERLANGGA', 303),
(644, '0038732178', 'KARISMA DEWI', 303),
(645, '0043031376', 'KRESNA SURYA SYAHPUTRA', 303),
(646, '0036987006', 'LELY DWI LESST', 303),
(647, '0036178600', 'M. DAVIS HUDI YANUARTA', 303),
(648, '0042737972', 'MARISA BELLA NABILLA', 303),
(649, '0034799004', 'MAULANA ALFARIZI', 304),
(650, '0036173190', 'MAULIDA YUNI SULVIA PUTRI', 304),
(651, '0043352275', 'MIA RIZKA AULIA', 304),
(652, '0040810900', 'MICHAEL FABIAN SUSANTO', 304),
(653, '0037316599', 'MICHO ADI PUTRA WIBOWO', 304),
(654, '0042880054', 'MOCH. RIZKI ASHABUL FAJRI', 304),
(655, '0036172960', 'MOH. GALIH AGUSTIAN', 304),
(656, '0035842547', 'MOH. HARIS SOFYAN', 304),
(657, '0041008312', 'MOH. KATAMI', 304),
(658, '0043210555', 'MOHAMMAD RIZALDY RAMADHAN', 304),
(659, '0034541740', 'MUHAMMAD ABDAN RIZKY SYAKURAN', 304),
(660, '0066255410', 'MUHAMMAD FIKRI', 304),
(661, '0033147435', 'MUHAMMAD RAFSANJANI', 304),
(662, '0036958900', 'NADIA', 304),
(663, '0042375742', 'NADIA DWI SAFITRI', 304),
(664, '0034814798', 'NADIA DWI SEPTYA NINGRUM', 304),
(665, '0042374572', 'NANDA DWI SARI', 304),
(666, '0045407409', 'NARITA FARHAM', 304),
(667, '0039546050', 'NAVA ZAVIRA SALSABILA', 304),
(668, '0032823090', 'NAWANG JUWITA ASMARA DEWATI', 304),
(669, '0043274708', 'NIKKO DWI CAHYO', 304),
(670, '0035899640', 'RIFDA FAUZIYAH', 304),
(671, '0034892692', 'RINDY APRILIANA LARASATI', 304),
(672, '0038353662', 'RISMA MAULIDA', 304),
(673, '0036470196', 'RIZQI RAMADHANA DWI KUSUMA', 304),
(674, '0043792685', 'ROBBIULANA', 304),
(675, '0035180732', 'SAHRUL GUNAWAN', 304),
(676, '0029560955', 'SINTA ADELIA', 304),
(677, '0043252118', 'SURYANDA PUTRI APRILIA', 304),
(678, '0036194343', 'SUSILO ANDYANI', 304),
(679, '0039080118', 'TALITHA ANINDYA SHAFIQAH', 304),
(680, '0040650375', 'TASYA ANGGRAINI PUTRI', 304),
(681, '0042652833', 'UMI LATIFATUNNISA', 304),
(682, '0040551771', 'VARISA WIDIYAWATI', 304),
(683, '0042557262', 'WIDITYA ARISTA FIRNANDA', 304),
(684, '0036485497', 'YOGA MUHAMMAD REYVANANDA', 304),
(1356, '0043748416', 'AHMAD RIAN FIRMANSYAH', 207),
(1357, '0047462186', 'AMANDA DELA', 207),
(1358, '0051815020', 'AMELIA PUTRI MAHARANI', 207),
(1359, '0059997245', 'ANGGUN SAFITRI', 207),
(1360, '0044525699', 'ANIS DESINTA', 207),
(1361, '0045208357', 'ANNISA DIAH PUSPITA', 207),
(1362, '003054319770', 'APRILIA ROSA MAULINDA', 207),
(1363, '0050919717', 'ARVITA MARTASELA PUTRI DENARTI', 207),
(1364, '0048410664', 'BETA SANDRA TRI AFRILIA', 207),
(1365, '0047363551', 'CHENDY YOSMI HARINI', 207),
(1366, '0042766037', 'CINDI GABRIEL LIYA', 207),
(1367, '0048861126', 'DENA PASHA PUTRI OKTAVIANI', 207),
(1368, '0046300623', 'DESTIA AYU WARDANI', 207),
(1369, '0044476457', 'DIERA ANANTA ZULIETHA MARDANIE', 207),
(1370, '0045642016', 'DWI ADINDA SAFITRI', 207),
(1371, '0043901284', 'DWI DESY AYU RAHMAWATI', 207),
(1372, '0044421871', 'DWIVA ADELIA ', 207),
(1373, '0051034189', 'EKA ANIYATI', 207),
(1374, '0049181506', 'EKA NURWULAN', 207),
(1375, '0056936660', 'ELISA AMELIYA PUTRI', 207),
(1376, '0044738207', 'FELICIA AURA DELTA ANGELA', 207),
(1377, '0045313062', 'FITRIYA', 207),
(1378, '0052889489', 'FRISKA MAULIDA WANDA PUTRI', 207),
(1379, '0044187454', 'GHIESCA FAIZA MAHARANI', 207),
(1380, '0048589494', 'I PUTU ALDI DARMAWAN', 207),
(1381, '0044635610', 'IMROATUL KHASANAH', 207),
(1382, '0046601337', 'IRMA DEVIA AYUSTITA', 207),
(1383, '0042108592', 'IRMA WAHYU DWI OKTAVIANI', 207),
(1384, '0042593616', 'JANNA TABI LINJA', 207),
(1385, '0044864409', 'JENNY JESIKA MARETASARI', 207),
(1386, '0047038449', 'JIHAN DINAH TSABITA', 207),
(1387, '0047038406', 'JOYANINA IMANDIA', 207),
(1388, '0044873889', 'KURNIA INTAN MAHARANI', 207),
(1389, '0047050033', 'LINDA RISMA OKTAVIANI', 207),
(1390, '0046745765', 'LINDRI DWI CAHYANI', 207),
(1391, '0044773163', 'MARCELINA', 208),
(1392, '0045986518', 'MARIA MARCELLA UMBAS', 208),
(1393, '0042843558', 'MAYLANDA QANAUSTY', 208),
(1394, '0044848034', 'MEI LAILATUL ZAKIYAH', 208),
(1395, '003044606763', 'MELI AGISTIN', 208),
(1396, '0044990711', 'MELINDA APRILIA', 208),
(1397, '0052216701', 'MIRNAWATI WARDANI', 208),
(1398, '0052609036', 'MOCH. ARIF SAPUTRA', 208),
(1399, '0034798995', 'MOCH. HISYAM FIRDAUS', 208),
(1400, '0052830896', 'NABILLA ARISINTA MAULIDYA', 208),
(1401, '0049812033', 'NADIFAH CHINTIA PUTRI', 208),
(1402, '0053366290', 'NADYA FIRDAUS', 208),
(1403, '0048302827', 'NAILA ZULFA QUDSI', 208),
(1404, '0052155266', 'NANDA LESTARI', 208),
(1405, '0048000924', 'NURMA HILAWATUL BARIKAH', 208),
(1406, '0052923797', 'RACHEL MARGARETA SETIANTORO', 208),
(1407, '0068929945', 'RISKA SUSI AGUSTINA', 208),
(1408, '0042860593', 'RISMA AULIYANI', 208),
(1409, '0045910543', 'RIZKI BAHTIAR', 208),
(1410, '0041781555', 'SAFIRA ARISTA ALFIYANTI', 208),
(1411, '0059669521', 'SALSABILA', 208),
(1412, '0053732744', 'SHELVY VIVIANI PUSPITA SARI', 208),
(1413, '0046028890', 'SHINTA TRI AGUSTIN', 208),
(1414, '0044481762', 'SOFI ROHIDATUL AIS', 208),
(1415, '0047038384', 'SUFIYANI MAHMUDIAH', 208),
(1416, '0055204366', 'SULASTRI NINGSIH', 208),
(1417, '0042536834', 'SUTI AMI AYU SINTIA', 208),
(1418, '0042620034', 'THEODORA SHAFA ZALUNA', 208),
(1419, '0051897084', 'TIA HIDAYANTI', 208),
(1420, '0052465531', 'TRI SUSILA MARGARETA', 208),
(1421, '0049821036', 'TRI UTAMI', 208),
(1422, '000', 'UMROTUN MAYA', 208),
(1423, '003050297793', 'VERLA ALIVIA AYUNDA', 208),
(1424, '0055478575', 'VITA INDRIYANI', 208),
(1425, '0068960461', 'YENI LESTARI', 208),
(1426, '0047884643', 'YUKA DWI WAHYUNI', 208),
(1427, '0042322100', 'ADINDA TASKIA KHARIMAH', 212),
(1428, '0046746686', 'AHMAD ROZIKIN', 212),
(1429, '0035474325', 'AINUN PAILAM', 212),
(1430, '0052337610', 'ANANDA YULIASTARI', 212),
(1431, '003057374052', 'ANGGI APRILIA MAFEANTAGORU', 212),
(1432, '0041829336', 'ARUM SAGITA PUJI SAPUTRI', 212),
(1433, '0047050040', 'AYU CAHYANING PUTRI', 212),
(1434, '0044144787', 'AYU SAFITRI', 212),
(1435, '003042731176', 'CINDY NOVITA SARI', 212),
(1436, '0054232244', 'DELA PUSPITA', 212),
(1437, '0049266312', 'DESHINTA OKTAVIA HARDIYANTI', 212),
(1438, '0047823297', 'DEVI SAFITRI', 212),
(1439, '0045313035', 'DINDA MAULYDA', 212),
(1440, '0049173515', 'DIVA AURA FITRIA LISTIAWATI', 212),
(1441, '0055107893', 'DIVA MARTA KARINA', 212),
(1442, '003002615174', 'DWI APRILIYANTI', 212),
(1443, '0044873893', 'DWI WULAN PRIHATINI', 212),
(1444, '0049239962', 'EKA SELFIA PUTRI', 212),
(1445, '003040097299', 'EVI DWI WULANDARI', 212),
(1446, '0048970340', 'EVITA YUNIA HERNANDA', 212),
(1447, '0031885275', 'FAHMI AUFA PRATAMA', 212),
(1448, '0056648214', 'FEMMY QONAA NUR VELANT', 212),
(1449, '0056659052', 'FIRLIANA ARLITA', 212),
(1450, '003055758674', 'FITRIA NUR HAZIZAH', 212),
(1451, '0044752410', 'GITA BERLIANDA LUKYANI', 212),
(1452, '0044089144', 'HOGI MARIA DEWI HAYATI', 212),
(1453, '0045732083', 'IDA NUR AINI', 212),
(1454, '0039226394', 'IFA TRIA HARISSANTY', 212),
(1455, '003051444587', 'INTAN AKMALIA', 212),
(1456, '0046639197', 'INTAN INDRIANI', 212),
(1457, '0044534100', 'ISNI IKA MAHARANI PUTRI', 212),
(1458, '0055517482', 'KURNIA SURYANINGTYAS', 212),
(1459, '0051271097', 'LULUK MUSAYADAH', 212),
(1460, '003053044921', 'MEI NUR HANDAYANI', 213),
(1461, '0047684801', 'MUTTHIA RIZKY LIESNIA DEWI', 213),
(1462, '003056741829', 'NAILATUL KARIMAH', 213),
(1463, '0055562003', 'NAJWA SALSA FIKRIATI', 213),
(1464, '003050732999', 'NATASYA PERMATASARI', 213),
(1465, '0055608633', 'NAURAH KHAIRUNNISA HIDAYAT', 213),
(1466, '0053858095', 'NOVITASARI', 213),
(1467, '0048128126', 'NUR LINDA IKRIMA', 213),
(1468, '0043747776', 'NUR PUTRI INDRIANI', 213),
(1469, '0049711393', 'PINGKAN CARERA', 213),
(1470, '0038898670', 'PUSPA NINGRUM', 213),
(1471, '003043351592', 'PUTRI AYU LESTARI', 213),
(1472, '0041382919', 'PUTRI SAFIRA', 213),
(1473, '0046167411', 'RAHAYU PANCA PRASTIANINGSIH', 213),
(1474, '0052823984', 'RANI RINDYANI', 213),
(1475, '0059769923', 'RENI LISMANA', 213),
(1476, '006399', 'RENI SILVIA ANGGRAINI', 213),
(1477, '0051539931', 'RIKA SUCIYATI', 213),
(1478, '0044865548', 'RISMA ARTIKA MAGHFIROH', 213),
(1479, '003060119763', 'RIZKA  UTAMI', 213),
(1480, '0047805466', 'RIZQI KURNIA', 213),
(1481, '003042759530', 'RONI AGUSTIAWAN', 213),
(1482, '003047867864', 'RUSDIANA AYU PUSPITASARI', 213),
(1483, '0046825247', 'SELVIANA DWI AGUSTIN', 213),
(1484, '0046091539', 'SHINTA DEWI HARIYANTI', 213),
(1485, '0043861117', 'SINDY EKA FITRIA', 213),
(1486, '0054973472', 'SISKA DWI WULANDARI', 213),
(1487, '003040728739', 'SITI NUR AISYAH', 213),
(1488, '0045336081', 'SITI NURIYATUL HAKIKI', 213),
(1489, '0046039697', 'SLAMET HARIYADI', 213),
(1490, '0053474601', 'TASYA MADINA', 213),
(1491, '0049434517', 'TIA NUR ISTIQNA', 213),
(1492, '003045931444', 'UMI BARIROH', 213),
(1493, '0049493518', 'UMI KULSUM', 213),
(1494, '0049722743', 'WAHYU TRIYANI', 213),
(1495, '0041451249', 'YUNIAR AINUR RIZQIA', 213),
(1496, '0057433776', 'ADINDA ISA AFKARINA', 209),
(1497, '0046076793', 'ADYNATASA PANDUITA HAIBAH', 209),
(1498, '0044992496', 'AGNES DEA AYU TRI ANANDA', 209),
(1499, '0046556130', 'AGUNG SETYABUDI', 209),
(1500, '0057315093', 'AHMAT RIAN ALFARIZY', 209),
(1501, '0049387251', 'AISYAH YULIANI', 209),
(1502, '0047218232', 'AJENG  AMALIA  PUTRI', 209),
(1503, '0052719719', 'AL FINA MAULANI NURFAUZIAH', 209),
(1504, '0036050762', 'ALUSI ROSDIANA', 209),
(1505, '0044873953', 'AMELIA PUTRI AGUSTIANI', 209),
(1506, '0053893534', 'ANANDA MAULIDYA FITRIYANI', 209),
(1507, '0051431291', 'ANASTASIA AUDY AURELIA', 209),
(1508, '0058089140', 'ANNISA PUTRI SUWANDONO', 209),
(1509, '0053734983', 'ARSYA NISTRIANI PUTRI', 209),
(1510, '0047515720', 'ATHIRA NISRINA RAFILA', 209),
(1511, '0048221809', 'AULIA GHANIYU DONNY PUTRI', 209),
(1512, '0047038473', 'AYU OCTA CAHYANI FAJRI', 209),
(1513, '0043995361', 'BELLA SAFIRA', 209),
(1514, '0048208247', 'CHRISTINA DEWI AYU MAHARANI', 209),
(1515, '0047914736', 'CITRA AYU FEMINASARI', 209),
(1516, '0048065996', 'CITRA EKA AYU ANJANI', 209),
(1517, '0050450042', 'DESI FEBIYANTI', 209),
(1518, '005079312', 'DEVIA PUTRI PERMATASARI', 209),
(1519, '0053628225', 'DHEA ANDRINIA PUTRI', 209),
(1520, '0059555283', 'DIAJENG LUTFI KARTIKA', 209),
(1521, '009989907957', 'DINA MAULIDA', 209),
(1522, '0049900872', 'DINDA AYU SEPTIANA', 209),
(1523, '0050146498', 'DWI ANDIKA PERMATA PEBRIANTI', 209),
(1524, '0047038341', 'DWI LAILATUL KARIMAH', 209),
(1525, '0049273018', 'DWI PRIHATININGSIH', 209),
(1526, '0053259325', 'DWI SATNA ', 209),
(1527, '0050458880', 'EKA MAULIDIA', 209),
(1528, '0047327322', 'EKA SANDI WINTASARI', 209),
(1529, '0047038422', 'ELLYSA DWI INDRIANI', 210),
(1530, '0043081586', 'ELOK SAFIRA SETYANI', 210),
(1531, '0052836865', 'ERISKA DWI SAPUTRI', 210),
(1532, '0053951730', 'FARISA EKA APRILIA', 210),
(1533, '003040213419', 'FASFAHIS SHOFHAL JAMIL', 210),
(1534, '0058314549', 'FIBYOLA MAGHRIBIL LAILY', 210),
(1535, '0052497589', 'FINNA ANISA FEBY PRASETYO', 210),
(1536, '0051539930', 'FIRA IMELIA', 210),
(1537, '0046730556', 'FITRI MAULIZA', 210),
(1538, '0089127678', 'GLADYS FARADHISA ARIFIYANTO', 210),
(1539, '0047628640', 'HILDA AYU SHOFIA', 210),
(1540, '0044877620', 'INTAN EKA TIA SAFITRI', 210),
(1541, '003051203797', 'INTAN NURIL AYUN', 210),
(1542, '0046944434', 'IRMAYA EKA SAFITRI', 210),
(1543, '0058676895', 'JENNY BELLA VICTORIA', 210),
(1544, '0040912742', 'JULIA PUSPITA ANUNGGRAINI', 210),
(1545, '0044619835', 'JUWITA ALVINA', 210),
(1546, '0055037718', 'KURNIA PUTRI RUSTAM', 210),
(1547, '0043147064', 'LAILA SAFITRI', 210),
(1548, '0047446264', 'LISA ARIYANTI', 210),
(1549, '0049489962', 'LULU SYAFIFA AGUSTIN', 210),
(1550, '0063056496', 'MARSHA VIGIRIA ISWARA', 210),
(1551, '0043301276', 'MAULANA ALFIN', 210),
(1552, '0050812259', 'MAULIDIYA', 210),
(1553, '0041062764', 'MAWAR SURYA LESTARI', 210),
(1554, '0013954', 'MEGA OCTAVIA', 210),
(1555, '0051301171', 'NAZWA NAZULLA BILLUNA', 210),
(1556, '0045896027', 'NIHAYATUL WAPIROH', 210),
(1557, '0043324433', 'NITA NURIHAYANTI', 210),
(1558, '003043748240', 'NOVITA WIJAYANTI', 210),
(1559, '003052983578', 'NUR HALIMATUS SOLEHA', 210),
(1560, '0056654063', 'NUR KARLINA', 210),
(1561, '0045879361', 'NUR QOLBI MAARIF', 210),
(1562, '0050391194', 'NURKHOLIPAH', 210),
(1563, '0050632981', 'PRESTISIA MEGA AYUMI', 210),
(1564, '003041940817', 'RACHEL DEVALINA KESYA', 210),
(1565, '0047987157', 'REFFIANDA VIRZA ARTHAMEVIA', 211),
(1566, '0052737356', 'REHUZENA AYUNANDA PUSPITA', 211),
(1567, '0058858601', 'RIA ANGGRAINI', 211),
(1568, '0046131886', 'RIA AYU MAULIDA', 211),
(1569, '0045313056', 'RIVA WIDYATAMA', 211),
(1570, '0045573150', 'ROSI ARSITA AINI', 211),
(1571, '003043831443', 'SAFINATUN AINUN NURISTA', 211),
(1572, '003055960305', 'SAIF MUHAMMAD ILHAM', 211),
(1573, '0056463596', 'SALSABILLA DWI PUTRI', 211),
(1574, '003040358670', 'SALSABILLA OKTAVIANI PUTRI', 211),
(1575, '0054267987', 'SASKIA WULANDARI', 211),
(1576, '0044873931', 'SASKILA AISWARA', 211),
(1577, '0047409912', 'SEFIA DWI FAZRIA', 211),
(1578, '0047247749', 'SELVIANA EKA SRI SUWINDA', 211),
(1579, '0052572886', 'SERLI PUTRI DIYASTORO', 211),
(1580, '0048706143', 'SHERLYA NAYRA BILBINA', 211),
(1581, '0048047849', 'SHOFI SALSABILA', 211),
(1582, '0050677311', 'SILVIYA PUTRI HANDAYANI', 211),
(1583, '0045692761', 'SITI ANISA', 211),
(1584, '0046065509', 'SITI FATIMAH', 211),
(1585, '0048768834', 'SITI KOMARIYAH', 211),
(1586, '0052277615', 'SITI NURJAMILA', 211),
(1587, '0045313045', 'SOFI DIVA WICAKSARI', 211),
(1588, '0044873872', 'SOLEIL MEZZALUNA FELYSHA PAWITA', 211),
(1589, '0055777806', 'SOVY AMELLYA PUTRI', 211),
(1590, '0044773195', 'SYAFIRA DWI WARDANI', 211),
(1591, '003062049052', 'TANIYAH', 211),
(1592, '0046970970', 'TRI OKTA SALWA ROMADONI', 211),
(1593, '0048294336', 'TRIA AGUSTINA', 211),
(1594, '0052942817', 'TRIA AULIA LISTIANI', 211),
(1595, '0046279683', 'VIQI AYU PUSPITA DEWI', 211),
(1596, '0044873907', 'WINDI CAHAYA MAULIDA', 211),
(1597, '0056197349', 'YANUARNISFA NURWAHABI', 211),
(1598, '0043464648', 'YUKE TRI NOVIANSYAH', 211),
(1599, '0052619579', 'ZAYANTI MAULIDYA', 211),
(1600, '0056885634', 'ZIHAN KRISNA NUR ROHMAH', 211),
(1601, '00533700417', 'ABELIA MERDU PERIANGAN', 214),
(1602, '0048332510', 'ACH. JABBARIEL CAESAR', 214),
(1603, '003051778453', 'ADEL ANGELIA', 214),
(1604, '0045642867', 'ADINDA PUTRI OCTAVIA', 214),
(1605, '0044873967', 'ADINTA DWI SEPTIA ANDINI', 214),
(1606, '0037832348', 'AEGA MARITA', 214),
(1607, '0057961877', 'AHMAD FATHUR ROSYID', 214),
(1608, '0046984027', 'ALVIRA FITRI RAHMAWATI', 214),
(1609, '0044690424', 'ALYA RIZKI SABRINA', 214),
(1610, '003044673192', 'AMANDA NUR HALISA', 214),
(1611, '0057668667', 'AMELIA EVA SUSANTI', 214),
(1612, '0031080169', 'ANASTASYA PUTRI ZEBRINA', 214),
(1613, '0057133077', 'ANIS', 214),
(1614, '0037629956', 'ANNISA RIZKI SAPUTRI', 214),
(1615, '0048419577', 'AYU HELMI ERA', 214),
(1616, '0046690643', 'AYU RIZKIY AGUSTIN', 214),
(1617, '0045187289', 'BELGIS AULIA MIFTATIA RAHMANI', 214),
(1618, '0042973540', 'BENY HINDRIYAWATI', 214),
(1619, '003053049538', 'CAHYA MAULIA', 214),
(1620, '0043149328', 'CINDI FATIKASARI', 214),
(1621, '0059718626', 'DIMAS DWI ANANTA', 214),
(1622, '0046074791', 'DINA SEKAR ANANTA', 214),
(1623, '0058015130', 'DINDA MELINDA', 214),
(1624, '0045922034', 'DINDA MILA YULIANA', 214),
(1625, '0044689656', 'DIVA ANDINA DYAH PUSPARANI', 214),
(1626, '0045243142', 'DWI RACHMA CAHYA PERMATA', 214),
(1627, '0043042466', 'ELLI IRMAWATI', 214),
(1628, '0044775279', 'ELSA DWI PUSPITA', 214),
(1629, '0053006766', 'ERIKA PUTRI MUTIARANI', 214),
(1630, '0042623673', 'FABIAN RIMBA NUSANTARA', 214),
(1631, '0042763146', 'FAJAR SURYA SETIAWAN', 214),
(1632, '0047847641', 'FIRANTI FEBBIYATUL LUTFIA', 214),
(1633, '0044873994', 'FITRI AYU LARASATI', 214),
(1634, '0045313028', 'HELDIANA CAHYA DEWI', 215),
(1635, '0046864978', 'HENI ERNAWATI', 215),
(1636, '0044412530', 'I MADE ADITYA PERMANA PUTRA', 215),
(1637, '0047128129', 'IKE NUR AINI', 215),
(1638, '0044738200', 'INDIRA EL SAKILA', 215),
(1639, '0049955642', 'INDRI SEFTI FEBRIYANI', 215),
(1640, '0043861703', 'ISTIKOMAH', 215),
(1641, '0058868770', 'J. DANNY SAPUTRA S.', 215),
(1642, '0046787558', 'JHIHAN NOER LITA', 215),
(1643, '0053541545', 'JUNIAR PRASETYA DWI PAYANA', 215),
(1644, '000', 'JUWITA NUR  FADILAH', 215),
(1645, '0057675297', 'KEISHA DINNI ABELLA', 215),
(1646, '0051321732', 'KENYO PRAMESWARI', 215),
(1647, '0044773166', 'KHANZA SALSABILLA', 215),
(1648, '0041804764', 'MADE DWI LESTARI PUJAYANTI', 215),
(1649, '0033456857', 'MARIYAMI', 215),
(1650, '0051231961', 'MARSYANDA FEBRIANDITA', 215),
(1651, '0048900851', 'MEGA CAHAYA PUTRI', 215),
(1652, '0053091263', 'MELISA DWIKA YULIANTI', 215),
(1653, '000', 'MOH. ADE AGUNG DAVE PRATAMA', 215),
(1654, '0045652831', 'MOH. ANDIKA BANGUN PRAKOSO', 215),
(1655, '0043821161', 'MONICA TASYA ADELYA', 215),
(1656, '0046005691', 'MUHAMMAD HASIM', 215),
(1657, '0042124598', 'MUTIARA  RAMADHANI', 215),
(1658, '0050915353', 'NABILA ANGGREK DUANTI', 215),
(1659, '0058204026', 'NADIA FEBRIANA ANGGRAINI', 215),
(1660, '0048267995', 'NADIA FITRI AMALIA PUTRI', 215),
(1661, '0048492647', 'NADIA VERONICA NOVYANA MAHARANI', 215),
(1662, '003051268950', 'NADILA AYU SEPTIANTI', 215),
(1663, '0051969624', 'NI KOMANG MARSYA DEWI', 215),
(1664, '0042200404', 'NOFELI AYU FITRIANI', 215),
(1665, '0036312044', 'NOVITA ROMANTI', 215),
(1666, '0051076165', 'NUR FIDA FIBRIYANTI', 215),
(1667, '0045898482', 'PANI GALIH PRASKIKI', 215),
(1668, '0044982099', 'PASYA NOVA TAUYUNMING', 215),
(1669, '0053732764', 'PAULA MIRANDA ESTEFANIA', 215),
(1670, '0053725369', 'PERMATASARI', 216),
(1671, '0058935982', 'RAFAEL GALIH PRAKUSO', 216),
(1672, '0045313055', 'RASTI LIPIA', 216),
(1673, '0044676646', 'RENI AGUSTIN', 216),
(1674, '0051017062', 'RICKY NUR MUCHAMAD', 216),
(1675, '0043540007', 'RIESTA AMELIA SEFEANI', 216),
(1676, '0050974399', 'RIMA YULIA KARTIKA', 216),
(1677, '0044676750', 'RISKA DWI AGUSTINA', 216),
(1678, '0045692754', 'RIYA ALFINA', 216),
(1679, '0046446701', 'ROQI NUR ALIANSYAH', 216),
(1680, '003058317224', 'ROSA LINDA MUTIARA', 216),
(1681, '0047051036', 'SALSABILA DHANA SHAFIRA', 216),
(1682, '0052215593', 'SECHA YANUARTA', 216),
(1683, '0060119562', 'SEFTIANA DEWI', 216),
(1684, '0051008044', 'SELAMET RIYADI', 216),
(1685, '0056564744', 'SELVI JIHAN CAHYANI', 216),
(1686, '000', 'SEPTIAZ PUTRI MARCELIA PRATIWI', 216),
(1687, '0055547448', 'SERLI AGUSTINA', 216),
(1688, '0045816846', 'SEVINDA TIYANTO PUTRI', 216),
(1689, '0053750236', 'SHEILA FEBRYANA EKA SUCI', 216),
(1690, '0051853245', 'SHYFAMALA', 216),
(1691, '0048758336', 'SINTA WULANDARI', 216),
(1692, '0045599800', 'SIRMANIA', 216),
(1693, '003056324016', 'SITI AMIN RAHMANIA', 216),
(1694, '0045256494', 'SITI FAIQ QOTUL NURLA HIDARIYANTI', 216),
(1695, '0053869234', 'SITI JAENAB', 216),
(1696, '0040483811', 'SITI SUNDARI', 216),
(1697, '000', 'THRAINDTA ALLEGRA VALLENT M.P', 216),
(1698, '0044873891', 'TIO FERDIANSYAH', 216),
(1699, '0044815089', 'TITIN ARIANI', 216),
(1700, '0045437143', 'TRI WULANDARI', 216),
(1701, '0055900379', 'UMI MAHLIGHA BALQIS', 216),
(1702, '0041941186', 'VELIENCHIA OKTHA NAVISHA', 216),
(1703, '0044961690', 'WINDA  AYU DWIARIYANTI', 216),
(1704, '0047051030', 'YESI FATLIHA', 216),
(1705, '0050915378', 'ZAHWA QIRANA PUTERI', 216),
(1706, '003056314019', 'AFLICHA RACHMAWATI', 205),
(1707, '0059071277', 'AFRIZA DIVA SARI', 205),
(1708, '0058758164', 'AHMAD SURYA ADI KUSUMA', 205),
(1709, '0048241288', 'ALAN DIKHO DZAKI HENDRAWAN', 205),
(1710, '003045586159', 'ALFINO SHOFIYULLOH Z R', 205),
(1711, '0053732737', 'ALINE HERAWATI', 205),
(1712, '0049088931', 'ALVINA DWI ARIYANTI', 205),
(1713, '0057944333', 'AMALIA PUTRI DWIYANTI', 205),
(1714, '0036476132', 'AMMALIA ILLA RAHAWANI', 205),
(1715, '003053888288', 'ANA FEFURI MUTHOHAROH', 205),
(1716, '0041686881', 'ANANDA KEVIN VIRGIAWAN RISKY', 205),
(1717, '003052212637', 'ANNIS KURLILLAH', 205),
(1718, '0048564948', 'ARDIANSYAH ELDIA RAMADHAN', 205),
(1719, '0050793189', 'ARIENTA AULIA HAPSARI', 205),
(1720, '0046781155', 'BAGUS NUGROHO', 205),
(1721, '0053732766', 'BELLA TRIWIJIANINGSIH', 205),
(1722, '0045313044', 'DAVA SYARIF HIDAYATULLOH', 205),
(1723, '0046803959', 'DAYU OKTAF FATMAWATI', 205),
(1724, '0045813460', 'DEBBY LUIGI TRI ADAMSYAH', 205),
(1725, '0048773984', 'DELONIK REGIA SUPRIADI', 205),
(1726, '0047038472', 'DESTYA ASTI AMANDA', 205),
(1727, '0056676462', 'DIA DAMARINA', 205),
(1728, '0064573527', 'DIMAS MAULANA', 205),
(1729, '0044873959', 'DINDA VATONICA ASMARA', 205),
(1730, '0057303640', 'DIVANI ISABELLA', 205),
(1731, '003042535388', 'DWI LINDA SYAFITRI', 205),
(1732, '0046639214', 'ELVANI ALINDI ARBI', 205),
(1733, '0063566016', 'ELVI NOVITASARI', 205),
(1734, '0046017448', 'ERLINA DEWI ANGGRAINI', 205),
(1735, '0052871951', 'FAHMI ILHAM', 205),
(1736, '0046279690', 'FATIHU RIZKY ALY', 205),
(1737, '000', 'FITRIYANI', 205),
(1738, '0045402486', 'HAKIM AL FIKRI ZAIN', 205),
(1739, '0062173732', 'IKA KURROHMAH', 205),
(1740, '0047038336', 'KARISMA MAYANGSARI', 206),
(1741, '0053984786', 'MARTINA EKAYANTI', 206),
(1742, '0056501307', 'MASTITA AYU DISIKA NASNABALO', 206),
(1743, '0052352626', 'MOCH. DWIPA SHAFA CAESARIKO', 206),
(1744, '0055094965', 'MUHAIMIN', 206),
(1745, '0055094965', 'MUHAMMAD ILHAM', 206),
(1746, '0055894246', 'MUHAMMAD KHOLILLI', 206),
(1747, '0046157465', 'MUHAMMAD MARTIN DAVA DARMAWAN', 206),
(1748, '0053073825', 'MUHAMMAD NAFIS AR-ROSYID AS-SALAM', 206),
(1749, '0043283020', 'MUSTAKIM', 206),
(1750, '0058084388', 'NABILA MAILA PUTRI', 206),
(1751, '0051128559', 'NAJWA LUNA LAZAMATILLAH', 206),
(1752, '0049210014', 'NISSA SERENA PRIMADANI', 206);
INSERT INTO `siswa` (`id_siswa`, `nis`, `nama`, `id_kelas`) VALUES
(1753, '0043970407', 'NOFA FIRDAUS ANANTA', 206),
(1754, '0052277636', 'NUR AINI', 206),
(1755, '0052535664', 'PUTRI AYU DANISWARA', 206),
(1756, '0048158684', 'PUTRI ELOK NAZWAH AZZURRA', 206),
(1757, '00466936177', 'PUTRI NADIAH', 206),
(1758, '0037110387', 'RAIVAN NUGRAFITRA AKBAR', 206),
(1759, '0057042345', 'RAYVAN FATTAH INDRAPRASTA', 206),
(1760, '0052910781', 'RIKA SUGIARTI', 206),
(1761, '0052267960', 'ROSY TASYA FIANTI', 206),
(1762, '0044630978', 'SASMITA ANGGRAINI', 206),
(1763, '0047846691', 'SILVINA DWI PUTRI MAHARANI', 206),
(1764, '0052896381', 'SITI NOVI ALYA', 206),
(1765, '0052510096', 'SONIA AYU LESTARI', 206),
(1766, '000', 'TAMARA CINDY AULIA', 206),
(1767, '0051278595', 'TRIA BELLA NURINDA', 206),
(1768, '0052291886', 'ULIN NUHA', 206),
(1769, '0044773185', 'VALENT DIKA RANGGA PRATAMA', 206),
(1770, '0047038465', 'VELEEA AURA PUTRY GUNAWAN', 206),
(1771, '0050773858', 'VIOLA ALTA FUNISA', 206),
(1772, '0037734447', 'WAHYU WIJAYA KUSUMA', 206),
(1773, '0058795335', 'WILDAN ELY SAPUTRA', 206),
(1774, '0059903352', 'WINDI RATNA KUSUMAWARDANI', 206),
(1775, '0043503322', 'YUNUS BIMANTARA', 206),
(1776, '0052056232111', 'YULIANA SONYA HERDITUNG SLAMET ( AKUN INI SUDAH DI NONAKTIF KARENA AKUN INI MILIK X TB 1 )', 203),
(1777, '0049510860', 'ADISTYA OKTA RAMADHANI', 203),
(1778, '0054997628', 'ADITTIO ARDHIANSYAH', 203),
(1779, '003058598008', 'ADITYA AINUL YAKIN', 203),
(1780, '0044937989', 'ADITYA RACHMAN MAULANA', 203),
(1781, '0049668245', 'AFIFAH LUTFIYANTI', 203),
(1782, '0055396379', 'AHMED VIOLAND BIJANI', 203),
(1783, '0048100718', 'AKBAR MAULANA', 203),
(1784, '003059466848', 'ALFINA AULIYANISA', 203),
(1785, '0052719724', 'AMELIA MERYNA DAMAYANTI', 203),
(1786, '0047457423', 'ANNISA CAHYA AGUSTIN', 203),
(1787, '0041827556', 'AULIA FEBRIANI', 203),
(1788, '0056372013', 'AYU SAFITRI', 203),
(1789, '0045103971', 'BAGUS SURYO LAKSONO', 203),
(1790, '0049173950', 'BUNDA CERYNEIA FITRIANA', 203),
(1791, '0046297123', 'DEBY SETIAWAN', 203),
(1792, '0043161698', 'DENIEL TRIANANDA', 203),
(1793, '0047427520', 'DIAN FITRIYAH', 203),
(1794, '0059268885', 'DIMAS TRY MAULY GHANY', 203),
(1795, '0050915356', 'DIVA DWI LESTARI', 203),
(1796, '0045922209', 'EKA ROSSY YANTI', 203),
(1797, '0054318448', 'FENY ANGGRAINI', 203),
(1798, '0047038463', 'FIKRI MAULANA PUTRA', 203),
(1799, '003050468950', 'HERLAMBANG YOGA SAPUTRA', 203),
(1800, '0045772335', 'ICHA YULIA', 203),
(1801, '0048859829', 'IMELDA FADIS NOFIANA', 203),
(1802, '0044635653', 'INTAN MURKIS HUMAIROH', 203),
(1803, '0044873870', 'IRFAN RIZKY MAULANA', 203),
(1804, '0044873898', 'LANA ARISTYA', 203),
(1805, '003047016558', 'M. AGUNG MAULANA MUKTI', 203),
(1806, '0051539916', 'M. AJI PRATAMA', 203),
(1807, '0044856392', 'M. YAHYA', 203),
(1808, '0046542833', 'MALINDAH RAUFI NASMI', 203),
(1809, '0044822571', 'MARCEL GUNAWAN SUGIARTONO', 203),
(1810, '0044873867', 'MAYZZA BALGISAL ZAENAB', 204),
(1811, '0033034208', 'MEYRA KIRANA SALSABILA MAULIDA', 204),
(1812, '009950875257', 'MOCH.ARIYA FIRMANSYAH', 204),
(1813, '0042939908', 'MOHAMAD MUTHOLIP', 204),
(1814, '0042809844', 'MOHAMAD ROYAN', 204),
(1815, '0045910539', 'MOHAMAD YAFI', 204),
(1816, '0048635046', 'MUHAMMAD KAUTSAR ATHARIQ', 204),
(1817, '0045296458', 'MUHAMMAD RIYO NICHOLAS S.', 204),
(1818, '0046195336', 'MUHAMMAD SAHROFI', 204),
(1819, '0046272900', 'NADIA AYU UTAMI', 204),
(1820, '0059282251', 'NAJWA NUR AISYAH', 204),
(1821, '0048522657', 'POETRI ADINDA YESHA OKTAVIA', 204),
(1822, '0045752822', 'RAHMANIYAH ASA NABILA', 204),
(1823, '0048203720', 'RATU SALMAA', 204),
(1824, '0036255890', 'RAYHAN MARSA ATHALLAH', 204),
(1825, '003048119417', 'RELINGGA ADITYA', 204),
(1826, '0045768999', 'RENDY SAMUDRA', 204),
(1827, '0054769910', 'RIDHO ALE', 204),
(1828, '0045150898', 'RIVAN VURI SHANDI IRAWAN', 204),
(1829, '0042641782', 'RIZA LUKMAN SAQIF', 204),
(1830, '0049422504', 'RIZAL FERDIANSYAH', 204),
(1831, '0042529527', 'ROHMATUL MUPIROH', 204),
(1832, '0045597677', 'RYAN ALAM FAJAR', 204),
(1833, '0044873993', 'SABILLA FITRIYA PUTRI', 204),
(1834, '0044873908', 'SANDHIKA ARDIAN PRASETYA', 204),
(1835, '0053271516', 'SAPUTRA GILANG ALFANDY PRAYOGA', 204),
(1836, '0048057157', 'SEPTA SUSILO SUSANTO', 204),
(1837, '0047433746', 'SINDI PUSPITA SARI', 204),
(1838, '0024762036', 'SITI NURAINIYAH', 204),
(1839, '0058073070', 'SLAMET SUGIARTONO', 204),
(1840, '0048542753', 'SUMARNO', 204),
(1841, '0051782417', 'THEZA AL MAHESA', 204),
(1842, '0041208353', 'TIARA DWI AGUSTIN', 204),
(1843, '0046701493', 'VIOLA RAMADHAN', 204),
(1844, '0049018719', 'VIRGINA YULIA PUTRI', 204),
(1845, '0047038394', 'WANODYAYU BUNGA TANJUNG', 204),
(1846, '003037038514', 'ALDI BIJAKSONO', 201),
(1847, '0058730987', 'ALIKA ZAHWA JALIANTI', 201),
(1848, '0044909314', 'ALKADAFI FIRNAWAN', 201),
(1849, '0044873871', 'ANNISA FARADIAH RAHMAN', 201),
(1850, '0050999733', 'BAGUS FEBRIAN YUSUF RODIANSYAH', 201),
(1851, '0041986379', 'BELLA ADELIA PUTRI', 201),
(1852, '0045232368', 'CHEPTERINO DWI CENDIKA WICAKSA', 201),
(1853, '0048726677', 'CITRA DWI AGUSTIN', 201),
(1854, '0045461208', 'DANI DANESWARA', 201),
(1855, '0046613382', 'DERA AYU ANGRAENI', 201),
(1856, '003044682502', 'DESWITA NURUL ALFIANTI', 201),
(1857, '0044603551', 'DHIO FERNANDA PUTRA', 201),
(1858, '0056588509', 'DIFTYA MAULIDZA', 201),
(1859, '0043434050', 'DONY TAMARA', 201),
(1860, '0044645022', 'EKA PUTRIANA', 201),
(1861, '0057687532', 'EVELYN FENADA AMALIA', 201),
(1862, '0047038450', 'FALLENSYA NOVY ANDHANY', 201),
(1863, '0050874807', 'FAUZAN', 201),
(1864, '0035657763', 'FAVIAN NURRUDDIN', 201),
(1865, '0044936060', 'FERLY DWISATYA ASSABILL', 201),
(1866, '0058560316', 'FIRDA AULIA AYUNI', 201),
(1867, '0047807821', 'HASBI AINUL RAMADHANI', 201),
(1868, '0045856113', 'HENDRIK SUBASA', 201),
(1869, '003044013775', 'INSANI PUTRI KURNIA ', 201),
(1870, '0047277315', 'JIHAN NAFA KHOLIDIYAH', 201),
(1871, '0058758534', 'KANDIYASY ALMAKKI', 201),
(1872, '0048849229', 'LAURA TITA ANINDYA GUNAWAN', 201),
(1873, '0044396792', 'M.NICKO APRILIYO', 201),
(1874, '0058663261', 'MADACAR NELZ MANDELANO', 201),
(1875, '0047533311', 'MAULIDIYA EMMILDA', 201),
(1876, '0045711295', 'MIRA AYU HARDIYANINGSIH', 201),
(1877, '003045432712', 'MISYA ANNISATUZZAHRA', 201),
(1878, '0043505304', 'MOH.ANDRA ARIESFI', 201),
(1879, '0044120869', 'MOHAMAD SUNGQI PRADANA', 201),
(1880, '004936865', 'MUH. SYAUQI BASYARAHIL', 201),
(1881, '003054868507', 'MUHAMMAD ALDYN ISMAIL PUTRA', 201),
(1882, '0046410773', 'MUHAMMAD ALFAN IRSYADUL NGULYA', 202),
(1883, '0044263936', 'MUHAMMAD REVINO EKA KURNAWAN', 202),
(1884, '0053985990', 'MUHAMMAD RIFKI AJI', 202),
(1885, '0064025927', 'MY SHI ZASKIA', 202),
(1886, '0058000123', 'NABILA FATIN EFFENDI', 202),
(1887, '0044873929', 'NATASYA AISWARA', 202),
(1888, '0045719322', 'NAUVAL ABDHY PRATAMA PUTRA', 202),
(1889, '0054410658', 'NISA YUNI SYAFIRA', 202),
(1890, '003040416999', 'NOVY RISMA AYU', 202),
(1891, '0058701357', 'NUR FAIZAH', 202),
(1892, '003045607994', 'NUR MILASARI', 202),
(1893, '0043655601', 'OKTAVIAN TRIE SYABANA', 202),
(1894, '0045615482', 'RAZAAN', 202),
(1895, '0052572895', 'RAFIY AHMAD SAPUTRA', 202),
(1896, '0057142978', 'RANGGA PRAMUDYA SETIAWAN', 202),
(1897, '003043467659', 'RENJANA FAJAR RAMADHAN', 202),
(1898, '0042824477', 'REYVAL SALSABIL SANGAP', 202),
(1899, '0054855086', 'REZHA AJWA PUTRI ALVIANTI', 202),
(1900, '0048321414', 'RIO ALDORA JIHAD', 202),
(1901, '0044636825', 'RISMA FITRA  SANI', 202),
(1902, '0045732090', 'RIYADIL JANNAH', 202),
(1903, '0046099151', 'RIZAL ERDIANSYAH', 202),
(1904, '0033147477', 'ROFIUDDIN ROHMATULLOH', 202),
(1905, '003040291560', 'SAIFATUL INZI', 202),
(1906, '0052517603', 'SANIA DWI SARCA', 202),
(1907, '0048005670', 'SATYALIEF RAMADHAN SARONY', 202),
(1908, '0044724925', 'SITI FATIMAH AYU LESTARI', 202),
(1909, '0046039531', 'SITI KOMARIYATUL HASANAH', 202),
(1910, '0044874005', 'STEVEN YONATHAN', 202),
(1911, '0045156156', 'VALENTINA SANTI GREHASTA', 202),
(1912, '0087056495', 'VAYLA SABRINA RATU CALISTA', 202),
(1913, '0047038377', 'VERRY FIRMANSYAH SIMA MORA', 202),
(1914, '0052641858', 'VIRGO PRAWIRA DIJAYA', 202),
(1915, '0053772177', 'YAHDHI', 202),
(1916, '0049328986', 'YEFTA OCTAVIANUS SANTO', 202),
(1917, '0044069955', 'ZULFAN GIBRAN JUNIAR', 202),
(1918, '0043023300', 'AGUS EFENDI', 218),
(1919, '0053552067', 'AISHA INSANI MAGHFIRAH', 218),
(1920, '000', 'ALFIAN JULIANTO', 218),
(1921, '0057570839', 'ALMIRA NAYLA DAVINSA', 218),
(1922, '0044496406', 'ANISA AURA IGUSTINA', 218),
(1923, '0045692769', 'ANISAH', 218),
(1924, '0055739296', 'ARIK ARDHANA SAPUTRA', 218),
(1925, '0051530500', 'AULIA JENNY GIBRAN', 218),
(1926, '0045797594', 'BAGAS ADI SAPUTRA', 218),
(1927, '0033666072', 'BIMO RAHADI WICAKSONO', 218),
(1928, '0048245561', 'CALLISTHA JOSHCLIN PUTRI FAUZY', 218),
(1929, '0065227095', 'CHELSEA KHAIRANI KOTO', 218),
(1930, '0044873866', 'CHINDY TRI FAUZIA', 218),
(1931, '0045295895', 'CINDY SYLVIA BERLIANI', 218),
(1932, '0053582557', 'DEWI PERMATA SARI', 218),
(1933, '0047194666', 'EKA SEPTIWULANDARI', 218),
(1934, '0054393562', 'ERICA DIAN CAHYANI PUTRI', 218),
(1935, '0047362080', 'FAISAL REDY KURNIAWAN', 218),
(1936, '0059583605', 'FEBRIANT ALDOVIN LAKSANA PUTRA', 218),
(1937, '0056259970', 'G.A. TRIAS OKTAVIA RIMADANI', 218),
(1938, '0048411524', 'GINA AYU RATRI', 218),
(1939, '0032233104', 'GUS ABDUL AZIZ', 218),
(1940, '0052420961', 'GUSTIN SAHASTRYA', 218),
(1941, '0045697405', 'HALIMAH', 218),
(1942, '0048833989', 'HEGEL MISHELANICO BINTANG CAESARIO', 218),
(1943, '0050631134', 'ICHA MELINDA SARI', 218),
(1944, '0050999141', 'JAFAR AHMAD ALWAFI', 218),
(1945, '000', 'JESICA REVANIA RISNA', 218),
(1946, '0046639206', 'LUSIANA DWI HAMIDA', 218),
(1947, '0045957830', 'M. HADI FITRIYANSYAH', 218),
(1948, '0042282342', 'M. LIA NURLAELA', 218),
(1949, '0044873899', 'MEICO ARISANDI DWI PAMUNGKAS', 218),
(1950, '0047050038', 'MOCHAMAD GILANG MAULANA ILHAM', 218),
(1951, '0044224114', 'MOH. ALVIN REYHANU', 218),
(1952, '000', 'MUHAMMAD SAMSUL HADI', 218),
(1953, '0053703563', 'NABILA NUR ILIANA', 219),
(1954, '0047038387', 'NABILAH JULIA RAHMAH', 219),
(1955, '000', 'NAHDYA MAYA SALSABILA', 219),
(1956, '0051034471', 'NAHYLA', 219),
(1957, '0046313649', 'NANDANG BAGUS PRASOJO', 219),
(1958, '0038433123', 'NANDO ANGGALA PUTRA BIMANTARA', 219),
(1959, '003056419096', 'NIZAR FEBRIANDA', 219),
(1960, '0041607398', 'NURUL AINI', 219),
(1961, '0046252382', 'NURUL SAFITRI', 219),
(1962, '0045674424', 'OKTAVIA PUTRI RAMADHANY', 219),
(1963, '0042020621', 'PRAMAISELA DWI HANDAYANI', 219),
(1964, '0049228048', 'PUTRI ANGGRAYNI', 219),
(1965, '0047465217', 'PUTRI NOFITA SARI', 219),
(1966, '0037110393', 'RAKA IRSA MAHENDRA', 219),
(1967, '0031784784', 'RAKA PRIYA MITRA', 219),
(1968, '0045296704', 'RANGGA ADITYA ESA PUTRA', 219),
(1969, '0048029077', 'RENO BAGUS RIVALDI', 219),
(1970, '0046070988', 'RICO RAGIL SAPUTRA', 219),
(1971, '0043441285', 'RIFKI MAULANA', 219),
(1972, '0050676997', 'RIMA FEBBYANTI', 219),
(1973, '0041700503', 'RIO AGUS ATLEINO', 219),
(1974, '0045703553', 'RISA MEYTA DEWI', 219),
(1975, '000', 'RISMA YULIA ANANTA', 219),
(1976, '0042240430', 'ROMY ALVA HIDAYAT', 219),
(1977, '0045636408', 'SITI ARDIANA', 219),
(1978, '0044546871', 'SITI MAISAROH', 219),
(1979, '0042347856', 'SITI NUR IMAMAH', 219),
(1980, '0052337606', 'SOFIA NABILA', 219),
(1981, '0038799722', 'SONY SETIAWAN', 219),
(1982, '0057509995', 'TRI KUSUMA PERTIWI', 219),
(1983, '003040374165', 'TRIYANA DAMAYANTI', 219),
(1984, '0052854701', 'TYAS MAULIDANI', 219),
(1985, '000', 'VINGKAN ADISTI', 219),
(1986, '0050635696', 'YAZID IBRAHIM MOVIC ALBADI', 219),
(1987, '0048527162', 'YUNISA  ALDALYA  UTAMI', 219),
(1988, '0058365310', 'YURICE AUDRY CLAUDIA', 219),
(1989, '003048899689', 'AHMAD EKO PRASETIO', 217),
(1990, '000', 'AINUN PUTRI RENATA', 217),
(1991, '0049933148', 'ARIENTHEA RIZKI MAULIDA', 217),
(1992, '0053928038', 'ASTRID MAULIDA HAPSARI', 217),
(1993, '0055039412', 'AZIZAH INDAR MUSTIKA', 217),
(1994, '0054059434', 'BAITRURROHMA', 217),
(1995, '0056468385', 'CHRIST EVAN HASTIA WAHYUDI', 217),
(1996, '0046836309', 'DYNDA AYU WULAN HAPSHARI', 217),
(1997, '0057758362', 'FIKRI AMROTAHUL AKBAR', 217),
(1998, '0045685715', 'GITA VIRGIANI', 217),
(1999, '0044146735', 'HANDIKA FAJAR RISKY', 217),
(2000, '0051376400', 'INTAN CAHAYA NURANI', 217),
(2001, '0056719724', 'INTAN DWI SARI', 217),
(2002, '0044605286', 'JULIA SAFITRI', 217),
(2003, '0044775281', 'KAILA DESVITA HERMAN', 217),
(2004, '0048543505', 'KHOLISAH', 217),
(2005, '0043823583', 'LAILATUL ROHMANIA', 217),
(2006, '000', 'LOLYTA AULIA SARI', 217),
(2007, '0046634202', 'MATHEW ARJUNO BANJARENO ADANG', 217),
(2008, '000', 'MEI SHINTA', 217),
(2009, '0059431840', 'MELISSA WIJAYA', 217),
(2010, '0051873634', 'NADINI FEBRIANTI', 217),
(2011, '0044873987', 'NASWA LINTANG KRISDIONO', 217),
(2012, '0047050034', 'POPI DWI KUSUMAWATI', 217),
(2013, '0056201170', 'PUJI SETIYOWATI', 217),
(2014, '0044723515', 'RATNA ARTHA MAY FUNNY', 217),
(2015, '0049189683', 'RETNO WULANNINGSIH', 217),
(2016, '0044676894', 'RIZKY PUTRA RAMADHAN', 217),
(2017, '008115', 'S0FI RIYANTO', 217),
(2018, '0051977521', 'SELVI MEI RIKA DEWI', 217),
(2019, '0038697216', 'SITI KHOTIJAH', 217),
(2020, '0059231359', 'STEPHANIE SYLVIA AGATHA', 217),
(2021, '0059128205', 'SYABILA GIDIAZWA PERMATA AYU', 217),
(2022, '0047331419', 'VERLITA ADISTI', 217),
(2023, '0052056232', 'YULIANA SONYA HERDITUNG SLAMET', 217),
(2024, '0045940023', 'ABDULLAH KAMAL', 220),
(2025, '00457500513', 'ADANI AL FERDIAN', 220),
(2026, '003028469598', 'AGUSTIN AJENG QURNIA PUTRI', 220),
(2027, '0051977523', 'AINUR EKA PRADITA', 220),
(2028, '0050915362', 'ALZAHRA AYU FERNANDA', 220),
(2029, '0049279084', 'ANANDA DWITYA DARMAWAN', 220),
(2030, '0034934305', 'ANGGI OKTAVIANI', 220),
(2031, '0050915373', 'ANNISA DARA RUSDIANA', 220),
(2032, '0049978503', 'BALQIS AYUNDA MUTHIA', 220),
(2033, '000', 'BULAN FEBRYANTI', 220),
(2034, '0045381555', 'DEA ANGGRAINI', 220),
(2035, '0053218085', 'ELSA DWI VERAWATI', 220),
(2036, '0049984676', 'FITRIANA NOVI NABELA', 220),
(2037, '0045247090', 'HARIYANTO', 220),
(2038, '0046499032', 'HILDA PUTRI HERNIDA', 220),
(2039, '0049751983', 'INDAH INTAN PERMATA', 220),
(2040, '0038482969', 'INDI IZUL FATEHAH', 220),
(2041, '0059958755', 'MARICHA NURRISKA AZIZAH', 220),
(2042, '0053202120', 'MIRANDA AGUSTINA', 220),
(2043, '003036932426', 'NILA NURCAHYA', 220),
(2044, '0055914643', 'NILAM SARI GADIS PANGESTU', 220),
(2045, '0036435699', 'NISA AHYA KARIMA', 220),
(2046, '0047611392', 'NUR INDAH AYU SYAFITRI', 220),
(2047, '0049565620', 'NUR VINDA YULIANTI', 220),
(2048, '0052679142', 'RANI MAILI PERTIWI', 220),
(2049, '0049772692', 'REZA YUSTI JONATIN', 220),
(2050, '0047734316', 'RIDHA FAIZAH OKTAVIA', 220),
(2051, '0048683466', 'SATRIO BINTANG WALUYO', 220),
(2052, '0045010008', 'SEPTIANI DIAJENG RETNO', 220),
(2053, '0044653904', 'SITI NUR HALIZA', 220),
(2054, '0047297550', 'SUCI AYU SAFITRI', 220),
(2055, '0046937182', 'TAGUSTY AVNINDA RETYANADA', 220),
(2056, '004692719', 'VERIKA RAYUNGSARI', 220),
(2057, '0053662104', 'WILDAN IKARIMA', 220),
(2058, '0055437956', 'ZESIKA OLIVIA PUTRI', 220),
(2059, '0031678110', 'STEFANUS GUNAWAN PUTRA', 302),
(2060, '0036897434', 'DELLA NUR AGUSTIN', 312),
(2064, '0045864975', 'DINA ANANDA SALSABILA', 207),
(2065, '0042486128', 'SOFI RIYANTO', 217),
(2066, '0051270990', 'MUSTIKA', 208),
(2067, '0052697638', 'KHANSA KARIMAH NAJMI ZAHIRAH', 205),
(2068, '0046077675', 'IRGI ACHMAD FAHREZI', 203),
(2069, '0042729948', 'NABILA MUHIMATUN NISA', 205),
(2070, '0059767751', 'RISTA DAMAIKA', 203),
(2071, '0055722827', 'DEVI ISA NURANI', 209),
(2072, '0055063346', 'ACHMAD ALDINO', 101),
(2073, '0062816650', 'ACHMAD FAIEZ JATMIKO', 101),
(2074, '0055425448', 'ADAM KANDIAS', 101),
(2075, '0054233415', 'ADITYA DWI ARDIANSYAH', 101),
(2076, '0056022019', 'ADITYA JATI KUSUMA', 101),
(2077, '0069301355', 'AGUSTINA NUR CAHYANI', 101),
(2078, '0057357248', 'AHMAD NABIL BAHROIN', 101),
(2079, '0063550302', 'ALLYYA NOVITA RISQIYANTI', 101),
(2080, '0066725186', 'ALVIN FIRMANSYAH', 101),
(2081, '0054708665', 'ANDARA RAHMATIKA SEPTI ARISTA', 101),
(2082, '0051848617', 'ANDIKA DWI PRATAMA', 101),
(2083, '0057647557', 'ANISATUL FUAD', 101),
(2084, '0066207478', 'ARIFIN ILHAM', 101),
(2085, '0055426631', 'AURORA YURCEL WIJAYA', 101),
(2086, '0069304164', 'AVINGKA AULIA', 101),
(2087, '0054105549', 'BERYL ZIMRAAN TINU JUNIOR', 101),
(2088, '0053378804', 'BUNGA NABILA RAHMADHANI', 101),
(2089, '0053200586', 'DAMAR GAGAH PERMANA', 101),
(2090, '0061134613', 'DARIUS BAGASKARA JOSANDRO AHAR', 101),
(2091, '0052019448', 'DAVID ADE PUTRA', 101),
(2092, '0053259882', 'DELA DWI SELFITRIYANI', 101),
(2093, '0057151152', 'DELA HORIYATUS SOLEHA', 101),
(2094, '0057297269', 'DELLA RISQIYANTI', 101),
(2095, '0056875671', 'DEVA DAVID DHARMAESA', 101),
(2096, '0064846118', 'DEWI APRILIA', 101),
(2097, '0052794517', 'DHANY GUSNIAR ADISIANTO', 101),
(2098, '0056052743', 'DITA FRINATA LANI', 101),
(2099, '0051697990', 'EGY ABDULLAH', 101),
(2100, '0059000569', 'ELAN HAFIDZ', 101),
(2101, '0056158378', 'ERLYN PUTRI WULANDARI', 101),
(2102, '0055430786', 'FIERA LINTANG PERSADA', 101),
(2103, '0051727705', 'FITRIA ANGGRAINI', 101),
(2104, '0069407870', 'GUMARA WIGUNA WANGSA', 101),
(2105, '0053360270', 'HASAN RISKY ANANDA', 101),
(2106, '0057915921', 'ILHAM GARIN WIDODO', 101),
(2107, '0065546369', 'KESIY CANDRA NURMILA', 101),
(2108, '0068512036', 'M. ZIDAN GUFRON', 102),
(2109, '0069107343', 'MOCH. FIRMAN TRISWANDA', 102),
(2110, '0058315385', 'MOH. BENY HIDAYAT', 102),
(2111, '0064898395', 'MOH. JIDNIL MUBAROK', 102),
(2112, '0067134602', 'MOHAMAD AVICENA', 102),
(2113, '001823', 'MOZAKIYATUN NUFUS', 102),
(2114, '0069741535', 'MUHAMMAD FARISI DANUARTA', 102),
(2115, '0058550767', 'NABIL FARHAN', 102),
(2116, '0057761534', 'NADIA NUR ANISA', 102),
(2117, '0064485209', 'NADIYATUS SHOLEHAH', 102),
(2118, '0058179552', 'NATASYA RIZKY RAMADHANI', 102),
(2119, '0057555343', 'NAZUA MEGA OKTAVIA', 102),
(2120, '0066446992', 'NICHOLAS DEOFAN SANTOSO', 102),
(2121, '0055199583', 'OKY HADI PRASETYA', 102),
(2122, '0056620228', 'RAFI PUTRA HASIN', 102),
(2123, '0062522832', 'RATNASARI', 102),
(2124, '0057174200', 'RAYNALLDY WIRATAMA PUTERA', 102),
(2125, '0059391555', 'RHEZA ANDYKHA AGUSTYRA', 102),
(2126, '0057064760', 'RIANI ARTIKA SARI', 102),
(2127, '0063755598', 'RINDI ANTIKA', 102),
(2128, '0064188562', 'SALMA BUNGA SAKANTI', 102),
(2129, '0065521210', 'SHETMA IKMAL ZAKKA', 102),
(2130, '0065193205', 'SINTIA DEWI ANGGRAINI', 102),
(2131, '0065362563', 'SINTIYA ANDRIANI', 102),
(2132, '0057923804', 'SITI ASIYAH', 102),
(2133, '0065053026', 'SITI RAHMAWATI', 102),
(2134, '0054715883', 'SITI ROSIDAH', 102),
(2135, '0066001308', 'SITI UMAYAH', 102),
(2136, '0045640721', 'SYAIFUL MA`ARIF', 102),
(2137, '0061559090', 'TEGUH DHARMAWAN', 102),
(2138, '0058292260', 'THEOBROMA DESNARENDRA MAGITA', 102),
(2139, '0066877337', 'VERONICA REGINA PUTRI', 102),
(2140, '0051344482', 'WILDAN PRATAMA WIBISONO', 102),
(2141, '0055060877', 'ZAHRA ZAHWA ZANJABIELA', 102),
(2142, '0056480545', 'ACHMAD FAIZAL TITJOKO', 103),
(2143, '0054159801', 'ACHMAD SALMAN ALFARISI', 103),
(2144, '0054739815', 'AHMAD ROSSI ANDHIKA', 103),
(2145, '0062945588', 'ALIF RIFQI PRATAMA', 103),
(2146, '0061441831', 'ARIKA DWI ANANTA', 103),
(2147, '0062731645', 'ARYA ELIKHA GINTING', 103),
(2148, '0066898134', 'BALQIS SAFRISA NUR`AINI', 103),
(2149, '0059834977', 'CARINA DWI JINGGA KINASHI', 103),
(2150, '0061748354', 'DAFI BILHAQQI', 103),
(2151, '0056827425', 'DEA RAGIL AYU KINANTY', 103),
(2152, '0059057126', 'DEKA ADITYA PUTRA', 103),
(2153, '0062840401', 'DENAR ALIFIAN', 103),
(2154, '0055680139', 'DESTA RIZQI QURROTA A`YUN', 103),
(2155, '0059081319', 'DEVANO VALEN DIAZ KHAN', 103),
(2156, '0068053994', 'DHANY SETIAWAN', 103),
(2157, '0061656468', 'DIAZTRO RYAN SAIFULLOH', 103),
(2158, '0064627326', 'DIENDA FADHILA CAHYANI', 103),
(2159, '0053058607', 'DIMAS ADITYA PRAKOSO', 103),
(2160, '0057565677', 'DIMAS SULTONIN NAJIB', 103),
(2161, '0058102358', 'DINDA ARI FERDIANA', 103),
(2162, '0066331861', 'DINDA AYU PUSPITASARI', 103),
(2163, '0063755610', 'DINISSA SHEILA SAGARA', 103),
(2164, '0057467605', 'DWI ERNIYATI', 103),
(2165, '0069449946', 'ELIA RIZKI YULIANTI', 103),
(2166, '0062961974', 'FADIL MUHAMMAD ALFARIZI', 103),
(2167, '0062473798', 'FAREL BAYU INDRAWAN', 103),
(2168, '0061297759', 'FENI EKA ASTRI', 103),
(2169, '0057818094', 'FERDY SETYO RAHARJO', 103),
(2170, '0052284564', 'FIRMAN MAULANA RAMADHAN', 103),
(2171, '0066723892', 'FIRYAL KAWURIAN TRESNANI', 103),
(2172, '0042536674', 'FITRIYANI', 103),
(2173, '0051674265', 'HAIRUNNISAK MIFTAHUL JANNAH', 103),
(2174, '0069104032', 'HERMAWATI DUWI AGUSTIN', 103),
(2175, '0056292786', 'HESTY EVA OXTAVIANA', 103),
(2176, '0063467880', 'HUSNUL KHOTIMAH', 103),
(2177, '0068349311', 'INDAH MELINDA', 103),
(2178, '0067347667', 'INTAN NUR ARIFIYANI', 104),
(2179, '0063828879', 'IREN NANDIETA GRASIELA', 104),
(2180, '0059054356', 'IVAN TRIWISUDAWAN SUGIANTO', 104),
(2181, '0051252855', 'JENNIL IRWAN', 104),
(2182, '0061789049', 'KURNIAWAN JHODY', 104),
(2183, '0065781974', 'MARSHANDA MEISYA AYU PURNOMO', 104),
(2184, '0051726447', 'MILA AYU PUSPITASARI', 104),
(2185, '0057471318', 'MOCH. LENDRA MARCELINO ANGGORO', 104),
(2186, '0067264335', 'MOHAMAD NABIL NURCAHYO', 104),
(2187, '0051362224', 'MOHAMMAD PEDROSSA HOLILI', 104),
(2188, '0054794563', 'MUHAMMAD ILHAM ALFA RISKY', 104),
(2189, '0069582956', 'MUHAMMAD REZA KURNIAWAN', 104),
(2190, '0064309627', 'MUTOHHAROH', 104),
(2191, '0059259316', 'NABIL FIRMANSYAH', 104),
(2192, '0061594289', 'NOVA ROSALINA MAIKA', 104),
(2193, '0059456428', 'NURUL ILMI UBAIDAH', 104),
(2194, '0072663601', 'RATNA SRI LESTARI', 104),
(2195, '0068306284', 'RAZAN MAHARDHIKA', 104),
(2196, '0059576008', 'RIFKA NUR CAHYA', 104),
(2197, '0069044526', 'RIFKY PRASENA IRAWAN', 104),
(2198, '0059262591', 'ROYNALDI HERINA EKA SAPUTRA', 104),
(2199, '0062679323', 'SAHRUL MARDIANSYAH', 104),
(2200, '0051084930', 'SHINTA IRAMA DANI', 104),
(2201, '0057433136', 'SHINTIA SELVIANA SARI', 104),
(2202, '0054167329', 'SILVIA TRI RAHMAWATI', 104),
(2203, '0055682633', 'SITI HOTIMAH', 104),
(2204, '0053918215', 'SULIS AYU LESTARI', 104),
(2205, '0069006999', 'SURYA SAPUTRA', 104),
(2206, '0051280453', 'VERIKE DEWANTARI', 104),
(2207, '0055900128', 'VIKHA ERLINDA', 104),
(2208, '0056274757', 'WILLYAM DARMA SANTOSO', 104),
(2209, '0067678429', 'WULANDARI SAVITRI', 104),
(2210, '0058816013', 'DHORIZTA JULIA LUNA', 105),
(2211, '0054232203', 'ADITYA NAUFAL WIRANATA', 105),
(2212, '0066006543', 'AHMAD IQBAL NUR FAHMI', 105),
(2213, '0059009664', 'ALFIRA ALIKA ROMADONA', 105),
(2214, '0053395317', 'ANGGARA CAKRA NEGARA', 105),
(2215, '0054249573', 'BAGHAS DWI PRAKOSO', 105),
(2216, '0068574607', 'BERLIANA DEWI NUR AZIZAH', 105),
(2217, '0062414814', 'BISHMI ISA WIDYADHANA', 105),
(2218, '0064812085', 'CANTIKA MIRABELL SUNJAYA', 105),
(2219, '0048594876', 'CINDY SUBAGIO', 105),
(2220, '0068102383', 'CYNTA AYU WULANDARI', 105),
(2221, '0051189510', 'DEWI MURTISARI', 105),
(2222, '0051804344', 'DHEJA FAJAR NUR ROHMAN HIDAYAT', 105),
(2223, '0045871661', 'DINDA DWI JAYANTI', 105),
(2224, '0059649849', 'DORIKA TASYA ROSALITA', 105),
(2225, '0047854878', 'ELMY LELY DWI AGUSTIN', 105),
(2226, '0057590498', 'FACHRIZAL AKMAL YUSAFI', 105),
(2227, '0051644232', 'FADIL RIFKIAN', 105),
(2228, '0059688349', 'FAHIRA SASKIA PUTRI', 105),
(2229, '0056458468', 'FRIO SETYAWAN', 105),
(2230, '0054406899', 'HELEN DONA ADISTYA', 105),
(2231, '0051085466', 'HERLINA NUR`AINI', 105),
(2232, '0056680776', 'HERU SETIYAWAN', 105),
(2233, '0067684835', 'IBNU FAROS ALFARIZI', 105),
(2234, '0061700543', 'IMTINAN JENY MAULIDAH BELVARIYANTO', 105),
(2235, '0052791797', 'IRA SEVHIA', 105),
(2236, '0067790304', 'JELITA KHOIROTUN NISSA', 105),
(2237, '0068698396', 'KARIMAH', 105),
(2238, '0066386646', 'KARINA', 105),
(2239, '0059615116', 'KEISYA AHZA CHESTA ADABY', 105),
(2240, '0054227674', 'KEYZA DWI AULIA TASNIM', 105),
(2241, '0054748979', 'LELY ISMI NUR LINDA', 105),
(2242, '0068068434', 'LISA MISTIKA DEWI', 105),
(2243, '0067216111', 'M. ISMAM MUBINA', 105),
(2244, '0069520648', 'MARIA NABILLA', 105),
(2245, '0054660770', 'MAULANISA RORO ALFISYAHR', 105),
(2246, '0059051633', 'MEYS ZAHROTUN NAZMIA', 106),
(2247, '0056054585', 'MIFTAHUL JANNAH', 106),
(2248, '0052545419', 'MIRA AULIA DAMAYANTI', 106),
(2249, '0053995945', 'MOCH FARDHAN Y. M', 106),
(2250, '0059266192', 'MOCH. SENKLIN FEBRIANSYAH', 106),
(2251, '0068580775', 'MOCH.IKROM FERDYANSYAH', 106),
(2252, '0052095679', 'MOHAMMAD FAHMI ARDIYANSYAH', 106),
(2253, '0068784246', 'MUHAMMAD HAIKAL SAPUTRA', 106),
(2254, '0062178128', 'MUHAMMAD HIKAM ZAINURI', 106),
(2255, '0052788883', 'MUHAMMAD KHANZA ABHINAYA', 106),
(2256, '0058124375', 'MUHAMMAD RIFQI ADRIANSYAH', 106),
(2257, '0059853536', 'NABILA CHOIRUNISA', 106),
(2258, '0055375372', 'NAYLA FARIHA SURYANDA', 106),
(2259, '0054569545', 'NAYLA ONAWA SUMITRO', 106),
(2260, '0053332652', 'NIKO HERMAWAN', 106),
(2261, '0052364450', 'NOUVAL KHIDIR SAPUTRA', 106),
(2262, '0059306900', 'NUR VILMA ASIH SEPRIDA', 106),
(2263, '0046162433', 'OKTARINA SAFIRA', 106),
(2264, '0058566877', 'PENTI AYU LESTARI', 106),
(2265, '0054167130', 'PUTRI MAYANG SARI', 106),
(2266, '0067737126', 'QOTHRUN NADA SALSABILA', 106),
(2267, '0067885350', 'RIVA WINDI LESTARI', 106),
(2268, '0051426348', 'SAKINAH SUCIANA', 106),
(2269, '0062081717', 'SANTI NIA ZULKARNAIN', 106),
(2270, '0057930361', 'SHABILA AZWA TRI AMANDA', 106),
(2271, '0067228090', 'SHILVI NADIA NASHA', 106),
(2272, '0056796893', 'SHINTA DEWI KARINA SUYADI PUTRI', 106),
(2273, '0054968424', 'SITI AISYAH DWI ABABIL', 106),
(2274, '0066605788', 'SYAGITA DIVAURA PUTRI', 106),
(2275, '0054547911', 'SYAIF NOVANDA FIRDAUSYAH', 106),
(2276, '0064386932', 'TAHTA MADA WIJAYA', 106),
(2277, '0062792208', 'WAHYU RIZKA RESTIANI', 106),
(2278, '0059564281', 'WISNU HERWINSYAH', 106),
(2279, '0061599271', 'ZAHRA DWI NAFISAH', 106),
(2280, '0066887017', 'ZANUBA ARIFA KHOFSHOH', 106),
(2281, '0046081154', 'ADINDA RISKA MUTIA', 107),
(2282, '0054127781', 'AGNESIA SEFHI KAROLIN', 107),
(2283, '0056390894', 'AGUSTINA LESTARI', 107),
(2284, '0064540804', 'AIRIN MARTANIA SOFFA', 107),
(2285, '0063725250', 'AISYAH ZASKIA ANANDA', 107),
(2286, '0055123231', 'AJENG AMBARYANI', 107),
(2287, '0057805993', 'ARINDA RISDIANA PRATIWI', 107),
(2288, '0067468165', 'ATTA FRISKA RIZANTA', 107),
(2289, '0053493870', 'BAGUS SUDARTA G. KURNIADI', 107),
(2290, '0062702579', 'BREVIKA SASKIA BUNGA', 107),
(2291, '0057627581', 'CHINDY EN BAROKAH', 107),
(2292, '0064748369', 'CLARISA FIRST MARSELLA', 107),
(2293, '0058792622', 'DEA ANANDA', 107),
(2294, '0059513440', 'DIAN PUTRI ROMADHONI', 107),
(2295, '0057876762', 'DINAR CANTIKA LESTARI', 107),
(2296, '0054178335', 'DINDA AYU FATIKSARI', 107),
(2297, '0057893155', 'EGARA DISTANATA', 107),
(2298, '0043006496', 'EKA SEPTIANA', 107),
(2299, '0062962751', 'ERRICHA APRESSIA CHATARINA', 107),
(2300, '0063972210', 'GYZZA NETHANIA GENEVIVE', 107),
(2301, '0061517598', 'HURROTUL DWI VANESSA', 107),
(2302, '0059551722', 'INDAH PUSPITA SARI', 107),
(2303, '0059183259', 'INGE SINDIA', 107),
(2304, '0054165576', 'INTAN AYU WULANDARI', 107),
(2305, '0057099923', 'IVANA DEVI AMBARWATI', 107),
(2306, '0054628376', 'IVANA DEWI AMBARWATI', 107),
(2307, '0056174495', 'JAZILA TUR ROHMAH', 107),
(2308, '0064336813', 'JESSICA ENGGELINE TRIDILOVA MAMPUK', 107),
(2309, '0059178441', 'LAILATUL ILMY RAMADHANI', 107),
(2310, '0057471623', 'LAILATUR ROFROFI', 107),
(2311, '0055068015', 'LEXA SAQINA RAMADHANI', 107),
(2312, '0057075580', 'LINDA', 107),
(2313, '0082322208', 'LINDA RATNASARI', 107),
(2314, '003053473225', 'LUSIANA AMALIA SAFITRI', 107),
(2315, '0040497128', 'MARCELLA SINDIAWATI', 107),
(2316, '0058181784', 'MAULIDIANA RISKA ADELIA', 107),
(2317, '0067451965', 'MEIVA ALIKA PRATIWI', 108),
(2318, '0041926861', 'MOHAMAD ABDUL BAIS', 108),
(2319, '0053582308', 'MULTI KARISKA', 108),
(2320, '0055992062', 'MUTIARA SEKAR KINASIH', 108),
(2321, '0020620050', 'NANDA HILMIATUL FAIZA', 108),
(2322, '0057425719', 'NUR FITRI JUM`ATI', 108),
(2323, '0049435642', 'PASAH DWI ANGGRAINI', 108),
(2324, '0053822070', 'PUTRI AYU ARUM SARI', 108),
(2325, '0069794335', 'PUTRI MAHARANI SALSABILA', 108),
(2326, '0057375632', 'RACHAEL ANGELIA DWI SARSARAH', 108),
(2327, '0058624026', 'RADHITA APRILYO', 108),
(2328, '0041858786', 'RAHAYU FITRIYAWATI', 108),
(2329, '0057535616', 'RAHMA IKA LESTARI', 108),
(2330, '0063499046', 'RAMA EKA IMAWAN PUTRA', 108),
(2331, '0059586462', 'RATNA EKA ROSIDA', 108),
(2332, '0057142898', 'RATNA LESTARI', 108),
(2333, '0056411015', 'RENI KUMALA DEWI', 108),
(2334, '0058320868', 'RIMA SETIAWATI', 108),
(2335, '0067564962', 'RIZKI NURFA`IZAH', 108),
(2336, '0059154073', 'SASKIA PUTRI AZZAHRA', 108),
(2337, '0058848661', 'SAYU APRIL LIYANI', 108),
(2338, '0032906811', 'SHAYU TRI WULANDARI', 108),
(2339, '0059523793', 'SHINTA VERA RAMADANI', 108),
(2340, '0061357422', 'SITI ANITA', 108),
(2341, '0051540348', 'SRI MUNAHWAROH', 108),
(2342, '0067651684', 'SUCI WULANDARI', 108),
(2343, '0058111885', 'SUKMA KHOTIMAHWANTI', 108),
(2344, '0053733103', 'SYOFIYA DWI NABILA', 108),
(2345, '0053634812', 'TASYA ANGGELIA', 108),
(2346, '0052912866', 'TIARA ISLAMAYA', 108),
(2347, '0064214400', 'ULAN APRILIANI', 108),
(2348, '0064706600', 'WULAN PERMATASARI', 108),
(2349, '0057223264', 'YASMIN NABILA', 108),
(2350, '0043946949', 'YESIKA VIRGIYANTI', 108),
(2351, '0056236078', 'YULI DWI RATNA', 108),
(2352, '0032840489', 'ADELIA HANISA PUTRI', 109),
(2353, '0068172248', 'ADELIA JANUARISTIN', 109),
(2354, '0051083003', 'ADINDA MASITAH', 109),
(2355, '0058987212', 'ADINDA PUJA KUSUMA AULIA ZAHRA', 109),
(2356, '0057001612', 'AGIL HERINDITA PUTRI', 109),
(2357, '0056229194', 'AJENG SAFITRI', 109),
(2358, '0054009906', 'AMELIA ANJANI PUTRI', 109),
(2359, '0057635904', 'AMELIA DWI RAMADHANI', 109),
(2360, '0058943256', 'ANDINI ETIKA PUTRI', 109),
(2361, '0054059687', 'ANGGIS NURAINI', 109),
(2362, '0057550933', 'ANISAH TAZKIYATUN NUFUS', 109),
(2363, '0069243352', 'ANNISA PUTRI MAHARANI', 109),
(2364, '0056446810', 'AULYANA INKA FELYZA', 109),
(2365, '0051563194', 'AURA DEVANYA RENATA', 109),
(2366, '0068896349', 'AURA MAULIDYA PUTRI VIBRIANTI', 109),
(2367, '0061757454', 'AYU KARTIKA RANIE', 109),
(2368, '0054699170', 'AYU PUTRI RATNA LESTARI', 109),
(2369, '0055465162', 'BALQIS NABILA', 109),
(2370, '0051518662', 'BARBIE GIVANIRA REGITA', 109),
(2371, '0052150142', 'CANTIKA ZAHWA ANJELIKA', 109),
(2372, '0068566148', 'CITRA ANGGUN LESTARI', 109),
(2373, '0057777656', 'CITRA NOVIANTI', 109),
(2374, '0061900414', 'DANIELA MARSYA RENATA', 109),
(2375, '0054200910', 'DEA RAMADHANI', 109),
(2376, '0057820604', 'DESMIANI DEWI ERIKKA', 109),
(2377, '0067432607', 'DESY QURROTUL A`YUN', 109),
(2378, '0056927334', 'DEWI NUR AYU LESTARI', 109),
(2379, '0053801728', 'DIA TRI APRILIANI', 109),
(2380, '0064678136', 'DILA ANI MAHMUDAH', 109),
(2381, '0051044880', 'DINDA AJENG DWI ARISANDI', 109),
(2382, '0067246730', 'DINI TRIYA LESTARI', 109),
(2383, '0068200208', 'DIRA', 109),
(2384, '0061191303', 'DITA SUKMA MELANI', 109),
(2385, '0068990677', 'DWI NOVITASARI', 109),
(2386, '0058829100', 'EKA PURI HANDAYANI', 109),
(2387, '0052741904', 'ELMA ZANUBA', 109),
(2388, '0057222127', 'ELYZA FIRDAWATI', 110),
(2389, '0065074950', 'FADIA AL AFWA', 110),
(2390, '0068918167', 'FAIZAH DWI CAHYANI', 110),
(2391, '0052739107', 'FANY TRI S. PUTRI', 110),
(2392, '0053962525', 'FAREL ARMIZA SETIAWAN', 110),
(2393, '0053357954', 'FEBBYYANTI', 110),
(2394, '0069279114', 'FITRIA HAPSARI AULIIDYA', 110),
(2395, '0061195142', 'FITRIYANI', 110),
(2396, '0066380536', 'ICHA AYU ANGGRAINI', 110),
(2397, '0068936517', 'JASMINE ANNABEL SHAFIRA', 110),
(2398, '0066390063', 'JENI DWI AISAH', 110),
(2399, '0066858377', 'JOVITA ZAKIRA AZMI', 110),
(2400, '0061683964', 'LILIS SUCIATI', 110),
(2401, '0053224672', 'LINDA KURNIYASARI', 110),
(2402, '0068268671', 'MAULINDA RAHMA MUSADAN', 110),
(2403, '0057417135', 'MEI RISKIYANA', 110),
(2404, '0053487655', 'METHA PUTRI ADELINA', 110),
(2405, '0053027354', 'MOESTAPA DARIS PRAYOGA', 110),
(2406, '0065324308', 'NABILAH', 110),
(2407, '0061634995', 'NADIN AYU ALINUHA', 110),
(2408, '0057570503', 'NADYA HANAFIA', 110),
(2409, '0061489297', 'NAFA ILMI WAHONO', 110),
(2410, '0063704065', 'NAILAH SAUSAN BALQIS FAUZIYAH SANTOSO', 110),
(2411, '0057772499', 'NAZWA NIRINA FAUZI', 110),
(2412, '0035101320', 'NIEZZA ATPRI CHOLIFAH PUTRI', 110),
(2413, '0055788886', 'NILA NURMALA SARI WIBOWO', 110),
(2414, '0057785512', 'NINDI OKTA HERAWATI', 110),
(2415, '0051751258', 'NOLA NAYSILLA GUFINA', 110),
(2416, '0058614409', 'NOVA AURELYA VINDI', 110),
(2417, '0058368401', 'NOVA RINTA AYU LESTARI', 110),
(2418, '0053934391', 'NOVALINA ANGGITA FARANTANAKA', 110),
(2419, '0069275658', 'NURINTAN DIANITA SHALSABILLA', 110),
(2420, '0055988737', 'NURUL HIDAYAH', 110),
(2421, '0053928213', 'OLIVFA TRISILLIA MAYASIH WAGEY', 110),
(2422, '0055434944', 'PRIMADANI AMANDA SUDRAJAD', 110),
(2423, '0047650798', 'PUTRI ABELIA', 111),
(2424, '0072951459', 'PUTRI AYU LESTARI', 111),
(2425, '0062915339', 'RISDIANA', 111),
(2426, '0068758806', 'RISTA DWI PEBRIYANTI', 111),
(2427, '003062989134', 'SALMALIA MAULANA SARI', 111),
(2428, '0057986552', 'SANDRA MARSANDHA', 111),
(2429, '0061455148', 'SANDRA SYLVANA NUR ADI', 111),
(2430, '0045183046', 'SASKIA TITAH MADINA', 111),
(2431, '0054832315', 'SEPTIA DIA AYU LESTARI', 111),
(2432, '0068943051', 'SERLI', 111),
(2433, '0036170514', 'SERLI NOVIA FIRDINA', 111),
(2434, '0059099202', 'SHOFYA NURRAHMAWATININGRUM', 111),
(2435, '0065338909', 'SHOVI AMALIA SAVANA', 111),
(2436, '0056310736', 'SILVI DELA PUSPITA', 111),
(2437, '0057398794', 'SITI NURRAHMA LAILI NOVIANTO', 111),
(2438, '0053980018', 'SITI SHOLEHAH', 111),
(2439, '0068411488', 'SONIA PURNAMASARI', 111),
(2440, '0052669885', 'SRI AYU OKTAFIANI', 111),
(2441, '0062933046', 'SUCI NURMAULINDA KUMALASARI', 111),
(2442, '0057006665', 'SUCI SEPTIYANINGSIH', 111),
(2443, '0052534975', 'SUMI', 111),
(2444, '0051429571', 'SYEIFA ALLODYA SAKANDARI', 111),
(2445, '0052844242', 'SYIFA HUSNUL KHOTIMAH', 111),
(2446, '0058518574', 'TASYA OKTAFIA MUTIARA', 111),
(2447, '0053972999', 'THERESIA INDRIANI', 111),
(2448, '0057492732', 'TIRTA ARUM ANGGRAINI', 111),
(2449, '0054349325', 'VANESA NIRMALA WIDODO', 111),
(2450, '0055953750', 'VIBRIE NUR AGUSTIN KUSUMA', 111),
(2451, '0066759878', 'WAHYUNI', 111),
(2452, '0055731082', 'WANDA HONEY RAMADHANI NUTQHI', 111),
(2453, '0062212004', 'WINAPRINDYA TILOTAMA PUTRI', 111),
(2454, '0053980018', 'WULANDARI HARIFA RAYA', 111),
(2455, '0067156652', 'YESSY APRILLIA', 111),
(2456, '0051414091', 'ZAIN ZENID VITALOKA', 111),
(2457, '0059898293', 'ZALFA NAYLA ANANDA HANAFI', 111),
(2458, '0055341260', 'ADE ZASKIA PRAMESTI REGITA CAHYANI PUTRI', 112),
(2459, '0056067738', 'ADELIA PUSPITA SARI', 112),
(2460, '0051624655', 'ALVIN DWI NURLITA', 112),
(2461, '0062543881', 'ANANDA YULIA NINGSIH', 112),
(2462, '0059970314', 'ANDINY EKA HILMIAH.H..', 112),
(2463, '0065483606', 'ANGGI APRILIANI', 112),
(2464, '0064176192', 'ANGGUN FRESILIA SILVI ANANTA', 112),
(2465, '0055881039', 'ANISA RAHAYU', 112),
(2466, '0036901073', 'ARIYANA', 112),
(2467, '0055266374', 'AYU PUSPITA SARI', 112),
(2468, '0053365807', 'BUNGA OKTAVIA RAMADHANI', 112),
(2469, '0066507152', 'CHINDY FEBIANA PUTRI', 112),
(2470, '0053441904', 'CHINDY KHAIRUN NISA', 112),
(2471, '0064935094', 'CHITRANING LAKSMI PAWITRA', 112),
(2472, '0055368414', 'DANDY NORMANSYAH RAMADHANI', 112),
(2473, '0054906545', 'DESTA WAHYU VIRGIANI', 112),
(2474, '0077783757', 'EKA AYU WULANDARI', 112),
(2475, '0054234479', 'FARADYA WANDA HERTANTI', 112),
(2476, '0058178721', 'FINA AUREL AMANDA', 112),
(2477, '0064961298', 'FIRDA INGE RAHAYU', 112),
(2478, '0055340214', 'FIRNANDA AISYAHARA DELLA', 112),
(2479, '0058457932', 'HAFIDHOH DINA AULIA', 112),
(2480, '0053662364', 'HUSNUL HOTIMAH', 112),
(2481, '0069562713', 'IKA MAULIDA LESTARI', 112),
(2482, '0067180661', 'INAYATUL MUKARROMAH', 112),
(2483, '0068695359', 'JENI IMANIAR', 112),
(2484, '0053135109', 'JULIYANTI VIRNATA LESTARI', 112),
(2485, '0063992415', 'KIKI IPANGKA', 112),
(2486, '0046397823', 'LAILATUL FARIHAH', 112),
(2487, '0059873611', 'LATHIFATUS ZULFIYAH', 112),
(2488, '0063719783', 'MAR`ATUS SOLEHA', 112),
(2489, '0065741104', 'MAULIDIA DWI NANDITA', 112),
(2490, '0064539329', 'MEGA AYU LASTARI', 112),
(2491, '0051736401', 'MEILINDA PUTRI LESTARI', 112),
(2492, '0059942319', 'NAYLA SOFYA', 112),
(2493, '0054210870', 'NIAS FATMAWATI', 113),
(2494, '0056280494', 'NINA MAHBUBAH', 113),
(2495, '0066799789', 'NUR MAILINA', 113),
(2496, '0058513765', 'NURUS SELIMA YULIANTO', 113),
(2497, '0051223465', 'OCHA AULIA PRAMESWARY', 113),
(2498, '0055204457', 'PIRNAWATI', 113),
(2499, '0052371629', 'PONIYATI', 113),
(2500, '0058871702', 'PUTRI ADELIYA', 113),
(2501, '0062451622', 'PUTRI GALU HERLINA', 113),
(2502, '0053315737', 'PUTRI NOVITA SARI', 113),
(2503, '0052880296', 'PUTRI OCTAVIANI', 113),
(2504, '0061936812', 'PUTRI SAHMA DEWI', 113),
(2505, '0061779781', 'RAFIKA CAHYANI', 113),
(2506, '0065139214', 'RIRIN', 113),
(2507, '0059109701', 'RIZKY PUTRI AMALIA', 113),
(2508, '0055446284', 'ROHMAN JAYA BAHARI BELATU', 113),
(2509, '0069733250', 'SABILA ANISA AIDADAIMAH', 113),
(2510, '0055141183', 'SAFITRI WULANDARI', 113),
(2511, '0054868320', 'SAHASCIKA RAMADHANI SALSABILA', 113),
(2512, '0059554479', 'SALSABILA ADINDA PUTRI', 113),
(2513, '0056139415', 'SANDI NATALIA', 113),
(2514, '0059852365', 'SANDRINA PUTRI AISYAH', 113),
(2515, '0068728979', 'SAVIRA NUR IZZATI', 113),
(2516, '0051019170', 'SHINTA FEBRIANTI', 113),
(2517, '0062839424', 'SHINTA KUMALA SARI', 113),
(2518, '0066114317', 'SIFA CHOIRUNISA', 113),
(2519, '0059403854', 'SUTIANI', 113),
(2520, '0056387762', 'TALITA ELIAN NABILA', 113),
(2521, '0051943685', 'TEGAR OKTARINALDI', 113),
(2522, '0065600479', 'TRIA BELGIS NADIA', 113),
(2523, '0066292717', 'VIRGIE EKA PUTRI ACHFAS', 113),
(2524, '0062864158', 'VITHO ADITYA GEMA MAULANA', 113),
(2525, '0055694962', 'YUFI ARDIANA NADIRO', 113),
(2526, '0053193408', 'YULIA SHINTA', 113),
(2527, '0064079365', 'YUVITA', 113),
(2528, '0063749491', 'FEBRIANTI EKA SAPUTRI', 115),
(2529, '0061866628', 'GITA MAYA MARSELA', 115),
(2530, '0059166996', 'ACHMAD AGHYAAL BAHJATI', 114),
(2531, '0061838555', 'AGUNG FEBRI SAPPUTRO', 114),
(2532, '0047620857', 'AHMAD RASULI', 114),
(2533, '0061823918', 'AHMAD SIGIT APRILIYANTO', 114),
(2534, '0066595893', 'AHMAD YUNUS DIANA', 114),
(2535, '0063294466', 'AISYAH TRINADIA PUTRI', 114),
(2536, '0053931535', 'AJENG LATHIFATUZ ZAHRA', 114),
(2537, '0054961090', 'AMELIA MONICA TIFFANNY', 114),
(2538, '0059919565', 'AMELIYA SUKMAWATI', 114),
(2539, '0059815661', 'ANGELICA AURA SALSA BILA', 114),
(2540, '0059559695', 'ANGGUN PUJI WIJAYANTI', 114),
(2541, '0062900460', 'ANISA SALSABILA KURNIA F', 114),
(2542, '0051328435', 'ASISMA ABIM PRANANTA', 114),
(2543, '0053115582', 'AYU AGUSTIN', 114),
(2544, '0061648426', 'AYU NURHAZIJAH', 114),
(2545, '0056178595', 'AZHAR DIAB ISMAIL BAUZIR', 114),
(2546, '0069754214', 'BILLY FARIL AFFANDI', 114),
(2547, '0051717581', 'BRIANT ALLAN NURRIN', 114),
(2548, '0061085684', 'BUNGA CITRA AYU LESTARI', 114),
(2549, '0056305623', 'CHEISYA INDIRA ROSINTA', 114),
(2550, '0064321902', 'CLAUDIA OKTAVIA PUTRI YUNIARTI', 114),
(2551, '0061215007', 'DEBY FEBRIYANTI', 114),
(2552, '0051623191', 'DEILA AJENG VALENTINA', 114),
(2553, '0051936732', 'DELLA SAFITRI', 114),
(2554, '0062417795', 'DESYALINA NUR MAULIDYA PUTRI', 114),
(2555, '0062157371', 'DEWANGGA RADJA DININGRAT', 114),
(2556, '0058620631', 'DEWI NABILA', 114),
(2557, '0053340246', 'DHENDRA KURNIAWAN', 114),
(2558, '0045119616', 'DIAH LESTARI', 114),
(2559, '0053131205', 'DWI AULIA FARICHA', 114),
(2560, '0054202453', 'ECY ANGRIANI PUTRI', 114),
(2561, '0055668726', 'EKA FIQIH FIRMANSYAH', 114),
(2562, '0042124510', 'EKI DWI SAPRILA', 114),
(2563, '0073352964', 'ERIKA DWI CAHYA AGUSTIN', 114),
(2564, '0056386707', 'ERLINA AGUSTIN', 114),
(2565, '0056808695', 'FAIQ QOTUL HIMA', 114),
(2566, '0045652838', 'FATTA CAHYA FITRAWAN', 115),
(2567, '0051900038', 'FITRIA WULANDARI', 115),
(2568, '0069512328', 'HARDINI DWI IMELDA', 115),
(2569, '0056445320', 'HENDRA DWI PURNOMO', 115),
(2570, '0054434562', 'HILWA AMALIA', 115),
(2571, '0051494510', 'IMELDA PUTRI HOLIDDIYA', 115),
(2572, '0053147140', 'INDY CAHYANING SISKA', 115),
(2573, '0051237232', 'IRA CAHAYA SAFITRI', 115),
(2574, '0064221511', 'ISMI DUWI VANIA', 115),
(2575, '0054615127', 'JESSCA IMANIAR PRASTIKA', 115),
(2576, '0062708861', 'JHIL AMANAH MAULIDYA', 115),
(2577, '0051216666', 'KHANYA BELA SHAFITRI', 115),
(2578, '0058903868', 'LEVINA AIME ZULEIKA', 115),
(2579, '0068391214', 'LUNA ANDRECA MARTHA DEWI', 115),
(2580, '0052409383', 'MARTASYA SYIFA`UL UYYUN', 115),
(2581, '0066231020', 'MAYA INDRIYANI', 115),
(2582, '0063273772', 'MEGA RATNA SARI', 115),
(2583, '0057806744', 'MEYLINDA KURNIA SARI', 115),
(2584, '0069852628', 'MOHAMMAD KAKA FERDYANSYAH', 115),
(2585, '0058611956', 'MUTIARA ROHMAH', 115),
(2586, '0058441709', 'NABILA FITRIANI', 115),
(2587, '0056855440', 'NABILA PUTRI BUNGA FOURECIA', 115),
(2588, '0052257859', 'NADHIF RAFSANZANI', 115),
(2589, '0048360464', 'NADIA SEPTIAH AZAHRAH', 115),
(2590, '0066622007', 'NADIN ADISTYARINI', 115),
(2591, '0052324526', 'NADINE CHANDRA WINATA', 115),
(2592, '0063800643', 'NAZWA DIVIA YULIA PUTRI', 115),
(2593, '0069962285', 'NI KETUT PEBI DIAN LESTARI', 115),
(2594, '0068958092', 'NUR LUTVIANA', 115),
(2595, '0066265085', 'OCHA CAHYA NALITA', 115),
(2596, '0056909180', 'PUTRI AYU LESTARI', 115),
(2597, '0055042146', 'PUTRI NABILA', 115),
(2598, '0061707803', 'PUTU FERDI DIONANTA', 115),
(2599, '0067355812', 'RAGIL MAULIDA ZALSABILA', 115),
(2600, '0055701304', 'RALUNA ALNABILA', 116),
(2601, '0075031450', 'RANJITA LISA PRATIWI', 116),
(2602, '0062400843', 'REGINA ZHAHIRA HAKIM', 116),
(2603, '0062399653', 'RHEDITA SATYA SAVITRI', 116),
(2604, '0059195001', 'RIBKA TITIAN MAGDALENA', 116),
(2605, '0058194723', 'RINDA AYU RAMADANI', 116),
(2606, '0051049361', 'RIRIN DEBIANTARI', 116),
(2607, '0053288914', 'RISQI ROHMADHONI', 116),
(2608, '0057487741', 'ROHATUL FAUJIAH', 116),
(2609, '0054273733', 'ROSSA RIVALINA MARETHA TRI CAHYANI', 116),
(2610, '0063288114', 'SABILA DINI NURILA', 116),
(2611, '0058608104', 'SALSA PUTRI KARIMAH AGUSTINA', 116),
(2612, '0058254230', 'SALSABILA DWI AULIA', 116),
(2613, '0054893732', 'SEHATI', 116),
(2614, '0056350379', 'SEPTIYATUN NIKMAH', 116),
(2615, '0061263477', 'SEPTYASA ZAHRA YUKO SAPPHYRA', 116),
(2616, '0054385599', 'SHAFIRA MAULIDA SOFYANA', 116),
(2617, '0058217838', 'SHINTA MAULIDIA', 116),
(2618, '0063280192', 'SRI WAHYUNI', 116),
(2619, '0067612870', 'SUGIHARTO', 116),
(2620, '0049064985', 'SYAIR PUTRI MAHARANI', 116),
(2621, '0053037961', 'TABITHA TIARA HANDAYANI', 116),
(2622, '0053543717', 'TIA SALSABILA RANIA', 116),
(2623, '0067028232', 'TUTUS SAKILAH', 116),
(2624, '0052420263', 'VINA SEPTIANA', 116),
(2625, '0066501611', 'VIRDA DHIA MAULADIYA', 116),
(2626, '0067795302', 'WAHYU SUCI PUSPITA DEWI ANGGRAENI', 116),
(2627, '0069361086', 'YOLANDA', 116),
(2628, '0053518062', 'YUNI LESTARI', 116),
(2629, '0067801299', 'ZAHWA MEINDA NASTITI', 116),
(2630, '0061353956', 'ZAIZAFUN. N', 116),
(2631, '0054299967', 'AMANDA PUTRI ADELIA', 117),
(2632, '0087387413', 'ANISA BELLA SAFITRI', 117),
(2633, '0061814485', 'AULIA NABILA VIRGITA', 117),
(2634, '0056734850', 'AYU DIYA ANGGERAINI', 117),
(2635, '0055639659', 'AZIZAH ADEK PRASWATI', 117),
(2636, '0053822168', 'BIAS KASIH UTOMO', 117),
(2637, '0058649308', 'BINAR TRIAS ROSIETA', 117),
(2638, '0064466845', 'BINTANG ARGHA LEXZA ANDARA', 117),
(2639, '0055578367', 'CANCER CANTIKA CHANDRA', 117),
(2640, '0059869879', 'DIVA AULIA MAHARANI PUTRI', 117),
(2641, '0061764881', 'DIVA RUSDIANI PUTRI', 117),
(2642, '0069617039', 'DWI AYU WULANDARI', 117),
(2643, '0051662425', 'DWI NUR CAHYANI', 117),
(2644, '0067883873', 'FANISA VIKY JUNITA DEWI', 117),
(2645, '0057579332', 'FIKA TALITHA NABIHA', 117),
(2646, '0065392293', 'FIRGI CHANDY NUR PRILLIANISLA', 117),
(2647, '00864388125', 'FIRLI NUR AULIYANA', 117),
(2648, '0051728996', 'GADISTA NURMA SHYLA', 117),
(2649, '0064659275', 'INDAH NUR SYAFA`AH', 117),
(2650, '0061330936', 'NANDA INDIRA ZENI', 117),
(2651, '0066014193', 'NAYLATUN NABILA', 117),
(2652, '0068032507', 'NOVITA SARI', 117),
(2653, '0057265585', 'PANDU SETYA AJI BAWANA', 117),
(2654, '0066525994', 'RAHMA AMALIA', 117),
(2655, '0064564913', 'REYNA RHAIHANATU INDAH SAHRONI', 117),
(2656, '0066049515', 'REZKY AFIYANTI', 117),
(2657, '0061801068', 'ROSALINA HAFITA', 117),
(2658, '0061000581', 'ROSI DATUL RAHMADANI', 117),
(2659, '0069220433', 'RYASTI BINTANG UTAMI', 117),
(2660, '0063151077', 'SALSABILA FATIHATUL FAUZIAH', 117),
(2661, '0052670185', 'SHAKYLA PUTRI ADITYO', 117),
(2662, '0057211089', 'SHINTIA HABIBAH', 117),
(2663, '00701200600', 'SITI NUR HAJIJAH', 117),
(2664, '0053585001', 'WIWIK WULANDARI', 117),
(2665, '0046015765', 'YUNITA HANUM', 117),
(2666, '0069282515', 'ZEINNELDA RAMADHAN R.SOETRISNO', 117),
(2667, '0057365782', 'ABDURRAHMAN FAHMI', 120),
(2668, '0065000951', 'ACHMAD FERDYANSAH PUTRA', 118),
(2669, '0054119715', 'AFGHONI ADABI AIDO', 118),
(2670, '0059315152', 'AFIFA ULIA ANGGRAINI', 118),
(2671, '0053439993', 'AHMAD AUFAL ARIQ', 118),
(2672, '0063750757', 'AJI DANUAR DWI SADEWA', 118),
(2673, '0056121447', 'ALDA NURDIANA', 118),
(2674, '0057301666', 'ALDO RAMADAN', 118),
(2675, '0065915171', 'ALFAN ABIANSYAH ICHWAN', 118),
(2676, '0069486584', 'ALIZA DEWI RESTIANI', 118),
(2677, '0062465830', 'ANGEL PUTRI APRILLIANO', 118),
(2678, '0053688011', 'ANISA SAFITRI', 118),
(2679, '0057750596', 'ANNE ISYA DEVINA AZZAHRA', 118),
(2680, '0056039562', 'AULIA MIFTAHUL JANNAH', 118),
(2681, '0076299810', 'AZZAH LUTFI', 118),
(2682, '0053575668', 'CINDY NOVALINA', 118),
(2683, '0056289108', 'CITRA RIYANI NANDITA', 118),
(2684, '0066350388', 'CLAUDIA INDAH LESTARI', 118),
(2685, '0068329256', 'DELLA WAHYU ANGGRAINI', 118),
(2686, '0058874907', 'DIAH LUFIYATUS SOLEHA', 118),
(2687, '0055560663', 'DIDAN SYAFIN ALGASTRA', 118),
(2688, '0051247837', 'DINAR MAULIDA EFENDI', 118),
(2689, '0056308200', 'DUWI DESTA PRAYOGA', 118),
(2690, '0055359833', 'EDINA SHAQILLA YASMIN', 118),
(2691, '0069740504', 'ERENA OLIVIA CAHYANI', 118),
(2692, '0068084815', 'FAGAN ARVA NOVANDRI PUTRA', 118),
(2693, '0068186548', 'FEBRIANANTA PUTRA PRATAMA', 118),
(2694, '0062307397', 'FERDIAS DWI ERLANGGA', 118),
(2695, '0067470930', 'FITRIA EKA WULANDARI', 118),
(2696, '0055616863', 'GILANG RAMADHAN PUTRA', 118),
(2697, '0065040804', 'GUSTI DIRGA AGASTYA', 118),
(2698, '0069839401', 'HALWA ABADIAH', 118),
(2699, '0052483630', 'KAMILAH MAULIDIA', 118),
(2700, '0057057760', 'LISA RAMADAYANTI', 118),
(2701, '0046060555', 'LYRA MALICA AULIYA', 118),
(2702, '0057799681', 'M. DWI MARDHANI', 118),
(2703, '0052056275', 'MARSYA ANDINA PUTRI', 119),
(2704, '0062110764', 'MEIDHYTA AGSTANIA INDHYRA PRASTA', 119),
(2705, '0057180555', 'MIFTAHUR RIDLO', 119),
(2706, '0036312040', 'MOCH. AGUSNIAH ARIANSYAH', 119),
(2707, '0058619787', 'MOCHAMAD DINATA ABIANSYAH', 119),
(2708, '0065615082', 'MOH. MIRZA RADITIA', 119),
(2709, '0053710929', 'MOHAMAD RIFKI', 119),
(2710, '0052280147', 'MUTIAH SRI AGUSTIN', 119),
(2711, '0061652624', 'NADIA FIBRILILLA', 119),
(2712, '0069025377', 'NADILA APRILLIANI', 119),
(2713, '0067405789', 'NAJAH PENY SABIRA', 119),
(2714, '0067615494', 'NI PUTU CHANDINDA PUTRI CARISSA', 119),
(2715, '0057211737', 'NI PUTU INDAH LESTARI DAMAYANTI', 119),
(2716, '0058293755', 'NOVITA TRI AGUSTIN', 119),
(2717, '0053387589', 'NUR GHANY HAFIDHA', 119),
(2718, '0059360313', 'NURIL AINI', 119),
(2719, '0042242589', 'PUTRI ROHALI', 119),
(2720, '0066512917', 'RADIKTYA PANGASTAWA SUBROTO', 119),
(2721, '0046923862', 'RAYYAN TEGAR SATRIYONO', 119),
(2722, '0054213965', 'RINA KURNIAWATI', 119),
(2723, '0051157295', 'SAYU DELA MAYA', 119),
(2724, '0052644528', 'SELA AYU ASTUTI DEWI', 119),
(2725, '0052737315', 'SELFI ANGGIANA', 119),
(2726, '0051251094', 'SELVIANA EKA PUTRI', 119),
(2727, '0062977362', 'SISKA RAHAYU', 119),
(2728, '0052154417', 'SRI WAHYUNI', 119),
(2729, '0053631431', 'SYIFA` TSUROYYA FILLAH', 119),
(2730, '0057980677', 'TARISA EKA PUTRI PRATIWI', 119),
(2731, '0063912833', 'TIFANY SYAKILA MAHDAFISKA', 119),
(2732, '0036435662', 'VANNESA OLIVIA PRASASTI', 119),
(2733, '0059780006', 'WINDI INTAN MAULANI', 119),
(2734, '0044147481', 'WISNU DIAN NUGRAHA', 119),
(2735, '0068355345', 'YUNIARTI DWI SAFITRI', 119),
(2736, '0055258793', 'VICTORIA ELIZABET NATHALI', 120),
(2737, '0065132650', 'AFNAN FANANI', 120),
(2738, '0051686044', 'AGUS ARIVIYAN', 120),
(2739, '0055372275', 'AILSYAH CINTA KIRANA', 120),
(2740, '0056965600', 'ALFIAN PERDANA PUTRA', 120),
(2741, '0051017065', 'ALIYAH', 120),
(2742, '0057653640', 'ANISA FITRIA SALSABILA', 120),
(2743, '0058754005', 'ARY KUSRIANI', 120),
(2744, '0056866849', 'DIANA HANAFIN ANJANA', 120),
(2745, '0065131087', 'DIMAS ENGGAR PRAMUDYA', 120),
(2746, '0061383782', 'DINDA AJENG DINANTI', 120),
(2747, '0059517797', 'FIRLANA TAUBA SYIFA', 120),
(2748, '0053547992', 'FITRI AMALIA', 120),
(2749, '0057056145', 'HENI SAFITRI', 120),
(2750, '0041589451', 'HERFAN EFENDI', 120),
(2751, '0056162619', 'KEZIA RIYAH RIHI', 120),
(2752, '0056191477', 'LUZEIN MIRA DANUYATI', 120),
(2753, '0054973007', 'MOH RIZQI ALUL BACHTIAR', 120),
(2754, '0058272762', 'MUFTAHUL WINARNO', 120),
(2755, '0047233923', 'NOVIA PUTRI AYU WULANDARI', 120),
(2756, '0059730864', 'NURWAHYUNI', 120),
(2757, '0044124591', 'PRETI SINTA', 120),
(2758, '0059758694', 'REDA ARDINATA', 120),
(2759, '0057349600', 'RIYAN EFENDI', 120),
(2760, '0065210534', 'SATRIA DEWANGGA', 120),
(2761, '0068318385', 'SITI NUR JANNAH', 120),
(2762, '0057902830', 'TRIYA ASTUTI', 120),
(2763, '0058123050', 'YOGA RAMAHTIKA AKBAR', 120),
(2764, '0058961725', 'YOVY VALENTINA WATI', 120),
(2765, '0056964549', 'YUAFI RAHMA SARI', 120),
(2766, '0068905469', 'ZAHRA NUR SHOFIA', 120),
(2767, '0045507819', 'APRILIA PANCARISTA', 112),
(2768, '0056650827', 'RIKA SUCI AMALIA', 108),
(2769, '00110001', 'SISWA-XI', 209),
(2770, '00120003', 'SISWA-XII', 311),
(2771, '0053732735', 'JESICA REVANIA RISNA', 118);

-- --------------------------------------------------------

--
-- Table structure for table `user`
--

CREATE TABLE `user` (
  `id` int(11) NOT NULL,
  `nama` varchar(200) NOT NULL,
  `username` varchar(100) NOT NULL,
  `password` varchar(100) NOT NULL
) ENGINE=InnoDB DEFAULT CHARSET=utf8mb4;

--
-- Dumping data for table `user`
--

INSERT INTO `user` (`id`, `nama`, `username`, `password`) VALUES
(1, 'Admin Ketertiban SMKN 1 Banyuwangi', 'admin', '21232f297a57a5a743894a0e4a801fc3');

--
-- Indexes for dumped tables
--

--
-- Indexes for table `jenis`
--
ALTER TABLE `jenis`
  ADD PRIMARY KEY (`id_jenis`);

--
-- Indexes for table `kelas`
--
ALTER TABLE `kelas`
  ADD PRIMARY KEY (`id_kelas`);

--
-- Indexes for table `pelanggaran`
--
ALTER TABLE `pelanggaran`
  ADD PRIMARY KEY (`id_pelanggaran`);

--
-- Indexes for table `pelanggaran_siswa`
--
ALTER TABLE `pelanggaran_siswa`
  ADD PRIMARY KEY (`id_pel_siswa`);

--
-- Indexes for table `siswa`
--
ALTER TABLE `siswa`
  ADD PRIMARY KEY (`id_siswa`);

--
-- Indexes for table `user`
--
ALTER TABLE `user`
  ADD PRIMARY KEY (`id`);

--
-- AUTO_INCREMENT for dumped tables
--

--
-- AUTO_INCREMENT for table `jenis`
--
ALTER TABLE `jenis`
  MODIFY `id_jenis` int(11) NOT NULL AUTO_INCREMENT, AUTO_INCREMENT=6;

--
-- AUTO_INCREMENT for table `kelas`
--
ALTER TABLE `kelas`
  MODIFY `id_kelas` int(11) NOT NULL AUTO_INCREMENT, AUTO_INCREMENT=321;

--
-- AUTO_INCREMENT for table `pelanggaran`
--
ALTER TABLE `pelanggaran`
  MODIFY `id_pelanggaran` int(11) NOT NULL AUTO_INCREMENT, AUTO_INCREMENT=14;

--
-- AUTO_INCREMENT for table `pelanggaran_siswa`
--
ALTER TABLE `pelanggaran_siswa`
  MODIFY `id_pel_siswa` int(11) NOT NULL AUTO_INCREMENT;

--
-- AUTO_INCREMENT for table `siswa`
--
ALTER TABLE `siswa`
  MODIFY `id_siswa` int(11) NOT NULL AUTO_INCREMENT, AUTO_INCREMENT=2772;

--
-- AUTO_INCREMENT for table `user`
--
ALTER TABLE `user`
  MODIFY `id` int(11) NOT NULL AUTO_INCREMENT, AUTO_INCREMENT=2;
COMMIT;

/*!40101 SET CHARACTER_SET_CLIENT=@OLD_CHARACTER_SET_CLIENT */;
/*!40101 SET CHARACTER_SET_RESULTS=@OLD_CHARACTER_SET_RESULTS */;
/*!40101 SET COLLATION_CONNECTION=@OLD_COLLATION_CONNECTION */;
